nombre,email,mensaje,fecha_nacimiento,fecha_ingreso
JOSE,jose@emailbrokenia.com,"hoy comienza la mejor semana de tu vida, ¡feliz semana!",1952-03-12,2011-04-02
JOAO,joao@emailbrokenia.com,"hoy comienza la mejor semana de tu vida, ¡feliz semana!",1960-08-12,2001-02-12
ANTONIO,antonio@emailbrokenia.com,"hoy comienza la mejor semana de tu vida, ¡feliz semana!",2001-04-18,1998-12-20
FRANCISCO,francisco@emailbrokenia.com,"hoy comienza la mejor semana de tu vida, ¡feliz semana!",1988-06-14,2006-11-30
CARLOS,carlos@emailbrokenia.com,"hoy comienza la mejor semana de tu vida, ¡feliz semana!",1986-12-15,2012-01-01
PAULO,paulo@emailbrokenia.com,"hoy comienza la mejor semana de tu vida, ¡feliz semana!",2003-08-20,2011-11-26
PEDRO,pedro@emailbrokenia.com,"hoy comienza la mejor semana de tu vida, ¡feliz semana!",1974-07-22,2000-09-06
LUCAS,lucas@emailbrokenia.com,"hoy comienza la mejor semana de tu vida, ¡feliz semana!",1989-03-13,2017-07-16
LUIZ,luiz@emailbrokenia.com,"hoy comienza la mejor semana de tu vida, ¡feliz semana!",1961-04-10,2018-11-13
MARCOS,marcos@emailbrokenia.com,"hoy comienza la mejor semana de tu vida, ¡feliz semana!",1984-05-06,1999-09-07
LUIS,luis@emailbrokenia.com,"hoy comienza la mejor semana de tu vida, ¡feliz semana!",1972-02-12,2004-01-02
GABRIEL,gabriel@emailbrokenia.com,"hoy comienza la mejor semana de tu vida, ¡feliz semana!",1985-01-31,2002-07-23
RAFAEL,rafael@emailbrokenia.com,"hoy comienza la mejor semana de tu vida, ¡feliz semana!",2005-12-20,2013-06-14
DANIEL,daniel@emailbrokenia.com,"hoy comienza la mejor semana de tu vida, ¡feliz semana!",1989-04-06,2016-08-21
MARCELO,marcelo@emailbrokenia.com,"hoy comienza la mejor semana de tu vida, ¡feliz semana!",1959-11-18,2004-09-21
BRUNO,bruno@emailbrokenia.com,"hoy comienza la mejor semana de tu vida, ¡feliz semana!",1994-01-13,2001-10-24
EDUARDO,eduardo@emailbrokenia.com,"hoy comienza la mejor semana de tu vida, ¡feliz semana!",1963-11-27,2005-10-28
FELIPE,felipe@emailbrokenia.com,"hoy comienza la mejor semana de tu vida, ¡feliz semana!",1980-03-06,2012-12-09
RAIMUNDO,raimundo@emailbrokenia.com,"hoy comienza la mejor semana de tu vida, ¡feliz semana!",1995-06-08,2020-10-23
RODRIGO,rodrigo@emailbrokenia.com,"hoy comienza la mejor semana de tu vida, ¡feliz semana!",1967-01-30,2017-02-25
MANOEL,manoel@emailbrokenia.com,"hoy comienza la mejor semana de tu vida, ¡feliz semana!",1973-06-30,2005-08-13
MATEUS,mateus@emailbrokenia.com,"hoy comienza la mejor semana de tu vida, ¡feliz semana!",1977-08-11,2002-11-27
ANDRE,andre@emailbrokenia.com,"hoy comienza la mejor semana de tu vida, ¡feliz semana!",1987-10-09,2010-02-22
FERNANDO,fernando@emailbrokenia.com,"hoy comienza la mejor semana de tu vida, ¡feliz semana!",1958-12-17,2009-03-14
FABIO,fabio@emailbrokenia.com,"hoy comienza la mejor semana de tu vida, ¡feliz semana!",1970-08-06,2020-01-21
LEONARDO,leonardo@emailbrokenia.com,"hoy comienza la mejor semana de tu vida, ¡feliz semana!",1960-12-31,2023-04-06
GUSTAVO,gustavo@emailbrokenia.com,"hoy comienza la mejor semana de tu vida, ¡feliz semana!",1988-09-12,2022-02-04
GUILHERME,guilherme@emailbrokenia.com,"hoy comienza la mejor semana de tu vida, ¡feliz semana!",1979-02-16,2012-06-30
LEANDRO,leandro@emailbrokenia.com,"hoy comienza la mejor semana de tu vida, ¡feliz semana!",1959-07-20,1999-01-22
TIAGO,tiago@emailbrokenia.com,"hoy comienza la mejor semana de tu vida, ¡feliz semana!",1974-09-21,2022-07-08
ANDERSON,anderson@emailbrokenia.com,"hoy comienza la mejor semana de tu vida, ¡feliz semana!",1999-09-18,2010-10-16
RICARDO,ricardo@emailbrokenia.com,"hoy comienza la mejor semana de tu vida, ¡feliz semana!",1977-09-08,2009-10-28
MARCIO,marcio@emailbrokenia.com,"hoy comienza la mejor semana de tu vida, ¡feliz semana!",1983-02-13,2006-10-21
JORGE,jorge@emailbrokenia.com,"hoy comienza la mejor semana de tu vida, ¡feliz semana!",1987-05-01,2003-03-16
SEBASTIAO,sebastiao@emailbrokenia.com,"hoy comienza la mejor semana de tu vida, ¡feliz semana!",1997-07-07,1998-06-20
ALEXANDRE,alexandre@emailbrokenia.com,"hoy comienza la mejor semana de tu vida, ¡feliz semana!",1958-11-21,2018-08-27
ROBERTO,roberto@emailbrokenia.com,"hoy comienza la mejor semana de tu vida, ¡feliz semana!",1958-10-28,2012-08-14
EDSON,edson@emailbrokenia.com,"hoy comienza la mejor semana de tu vida, ¡feliz semana!",1993-01-16,2005-11-21
DIEGO,diego@emailbrokenia.com,"hoy comienza la mejor semana de tu vida, ¡feliz semana!",1999-12-24,2022-04-02
VITOR,vitor@emailbrokenia.com,"hoy comienza la mejor semana de tu vida, ¡feliz semana!",1979-01-13,2011-12-31
SERGIO,sergio@emailbrokenia.com,"hoy comienza la mejor semana de tu vida, ¡feliz semana!",1972-07-30,2006-09-15
CLAUDIO,claudio@emailbrokenia.com,"hoy comienza la mejor semana de tu vida, ¡feliz semana!",1983-05-08,2013-12-28
MATHEUS,matheus@emailbrokenia.com,"hoy comienza la mejor semana de tu vida, ¡feliz semana!",1989-06-04,2005-10-26
THIAGO,thiago@emailbrokenia.com,"hoy comienza la mejor semana de tu vida, ¡feliz semana!",1976-12-13,1998-09-18
GERALDO,geraldo@emailbrokenia.com,"hoy comienza la mejor semana de tu vida, ¡feliz semana!",1998-03-20,2004-07-14
ADRIANO,adriano@emailbrokenia.com,"hoy comienza la mejor semana de tu vida, ¡feliz semana!",1992-10-20,2002-04-13
LUCIANO,luciano@emailbrokenia.com,"hoy comienza la mejor semana de tu vida, ¡feliz semana!",1993-07-07,2006-10-22
JULIO,julio@emailbrokenia.com,"hoy comienza la mejor semana de tu vida, ¡feliz semana!",1982-10-26,2013-06-28
RENATO,renato@emailbrokenia.com,"hoy comienza la mejor semana de tu vida, ¡feliz semana!",1991-07-10,2009-03-10
ALEX,alex@emailbrokenia.com,"hoy comienza la mejor semana de tu vida, ¡feliz semana!",2004-11-13,2005-01-04
VINICIUS,vinicius@emailbrokenia.com,"hoy comienza la mejor semana de tu vida, ¡feliz semana!",1952-05-20,2017-01-11
ROGERIO,rogerio@emailbrokenia.com,"hoy comienza la mejor semana de tu vida, ¡feliz semana!",1996-01-09,2022-12-05
SAMUEL,samuel@emailbrokenia.com,"hoy comienza la mejor semana de tu vida, ¡feliz semana!",1961-08-18,2020-06-17
RONALDO,ronaldo@emailbrokenia.com,"hoy comienza la mejor semana de tu vida, ¡feliz semana!",2003-04-27,2019-06-28
MARIO,mario@emailbrokenia.com,"hoy comienza la mejor semana de tu vida, ¡feliz semana!",1993-07-28,2000-02-22
FLAVIO,flavio@emailbrokenia.com,"hoy comienza la mejor semana de tu vida, ¡feliz semana!",1959-06-16,2018-04-07
DOUGLAS,douglas@emailbrokenia.com,"hoy comienza la mejor semana de tu vida, ¡feliz semana!",1950-09-13,2003-07-01
IGOR,igor@emailbrokenia.com,"hoy comienza la mejor semana de tu vida, ¡feliz semana!",1963-07-31,2006-08-03
DAVI,davi@emailbrokenia.com,"hoy comienza la mejor semana de tu vida, ¡feliz semana!",1996-02-04,2000-02-03
MANUEL,manuel@emailbrokenia.com,"hoy comienza la mejor semana de tu vida, ¡feliz semana!",1952-06-13,2001-05-02
JEFERSON,jeferson@emailbrokenia.com,"hoy comienza la mejor semana de tu vida, ¡feliz semana!",1997-08-29,2017-05-18
CICERO,cicero@emailbrokenia.com,"hoy comienza la mejor semana de tu vida, ¡feliz semana!",1983-05-13,2010-03-22
VICTOR,victor@emailbrokenia.com,"hoy comienza la mejor semana de tu vida, ¡feliz semana!",1983-05-18,2013-11-15
MIGUEL,miguel@emailbrokenia.com,"hoy comienza la mejor semana de tu vida, ¡feliz semana!",1991-01-26,2000-09-14
ROBSON,robson@emailbrokenia.com,"hoy comienza la mejor semana de tu vida, ¡feliz semana!",1984-07-06,2022-04-21
MAURICIO,mauricio@emailbrokenia.com,"hoy comienza la mejor semana de tu vida, ¡feliz semana!",1984-07-19,2020-09-01
DANILO,danilo@emailbrokenia.com,"hoy comienza la mejor semana de tu vida, ¡feliz semana!",1976-02-18,1999-01-23
HENRIQUE,henrique@emailbrokenia.com,"hoy comienza la mejor semana de tu vida, ¡feliz semana!",1971-09-09,2023-09-18
CAIO,caio@emailbrokenia.com,"hoy comienza la mejor semana de tu vida, ¡feliz semana!",1955-02-26,1998-06-23
REGINALDO,reginaldo@emailbrokenia.com,"hoy comienza la mejor semana de tu vida, ¡feliz semana!",1977-12-05,2014-09-25
JOAQUIM,joaquim@emailbrokenia.com,"hoy comienza la mejor semana de tu vida, ¡feliz semana!",1953-04-23,2018-09-25
BENEDITO,benedito@emailbrokenia.com,"hoy comienza la mejor semana de tu vida, ¡feliz semana!",1957-08-10,2013-11-06
GILBERTO,gilberto@emailbrokenia.com,"hoy comienza la mejor semana de tu vida, ¡feliz semana!",1974-08-30,2002-08-21
MARCO,marco@emailbrokenia.com,"hoy comienza la mejor semana de tu vida, ¡feliz semana!",1965-12-29,2007-11-04
ALAN,alan@emailbrokenia.com,"hoy comienza la mejor semana de tu vida, ¡feliz semana!",1953-02-27,2010-04-26
NELSON,nelson@emailbrokenia.com,"hoy comienza la mejor semana de tu vida, ¡feliz semana!",1993-12-17,2018-08-09
CRISTIANO,cristiano@emailbrokenia.com,"hoy comienza la mejor semana de tu vida, ¡feliz semana!",1985-11-25,2012-08-05
ELIAS,elias@emailbrokenia.com,"hoy comienza la mejor semana de tu vida, ¡feliz semana!",1989-08-18,2017-12-28
WILSON,wilson@emailbrokenia.com,"hoy comienza la mejor semana de tu vida, ¡feliz semana!",1980-03-07,2005-05-03
VALDIR,valdir@emailbrokenia.com,"hoy comienza la mejor semana de tu vida, ¡feliz semana!",1953-10-03,2005-03-20
EMERSON,emerson@emailbrokenia.com,"hoy comienza la mejor semana de tu vida, ¡feliz semana!",1989-04-23,2002-02-16
LUAN,luan@emailbrokenia.com,"hoy comienza la mejor semana de tu vida, ¡feliz semana!",1970-11-12,2002-02-07
DAVID,david@emailbrokenia.com,"hoy comienza la mejor semana de tu vida, ¡feliz semana!",1996-04-29,2019-04-04
RENAN,renan@emailbrokenia.com,"hoy comienza la mejor semana de tu vida, ¡feliz semana!",1987-12-06,2000-09-21
SEVERINO,severino@emailbrokenia.com,"hoy comienza la mejor semana de tu vida, ¡feliz semana!",1981-06-24,2006-11-28
FABRICIO,fabricio@emailbrokenia.com,"hoy comienza la mejor semana de tu vida, ¡feliz semana!",1982-08-15,2013-09-20
MAURO,mauro@emailbrokenia.com,"hoy comienza la mejor semana de tu vida, ¡feliz semana!",1961-02-07,2016-01-03
JONAS,jonas@emailbrokenia.com,"hoy comienza la mejor semana de tu vida, ¡feliz semana!",1968-07-15,1999-02-25
GILMAR,gilmar@emailbrokenia.com,"hoy comienza la mejor semana de tu vida, ¡feliz semana!",1968-03-24,2014-08-20
JEAN,jean@emailbrokenia.com,"hoy comienza la mejor semana de tu vida, ¡feliz semana!",1959-07-21,2008-10-02
FABIANO,fabiano@emailbrokenia.com,"hoy comienza la mejor semana de tu vida, ¡feliz semana!",1976-10-19,2007-06-03
WESLEY,wesley@emailbrokenia.com,"hoy comienza la mejor semana de tu vida, ¡feliz semana!",1957-02-17,2003-01-04
DIOGO,diogo@emailbrokenia.com,"hoy comienza la mejor semana de tu vida, ¡feliz semana!",1984-05-06,2005-10-01
ADILSON,adilson@emailbrokenia.com,"hoy comienza la mejor semana de tu vida, ¡feliz semana!",1951-05-25,2013-06-12
JAIR,jair@emailbrokenia.com,"hoy comienza la mejor semana de tu vida, ¡feliz semana!",2000-10-23,2012-09-30
ALESSANDRO,alessandro@emailbrokenia.com,"hoy comienza la mejor semana de tu vida, ¡feliz semana!",1963-05-24,2012-06-19
EVERTON,everton@emailbrokenia.com,"hoy comienza la mejor semana de tu vida, ¡feliz semana!",1951-09-02,2002-05-02
OSVALDO,osvaldo@emailbrokenia.com,"hoy comienza la mejor semana de tu vida, ¡feliz semana!",2006-03-22,2019-05-05
GILSON,gilson@emailbrokenia.com,"hoy comienza la mejor semana de tu vida, ¡feliz semana!",1955-12-06,2012-07-01
WILLIAN,willian@emailbrokenia.com,"hoy comienza la mejor semana de tu vida, ¡feliz semana!",2001-12-16,2011-05-29
JOEL,joel@emailbrokenia.com,"hoy comienza la mejor semana de tu vida, ¡feliz semana!",1974-02-17,2016-11-10
SILVIO,silvio@emailbrokenia.com,"hoy comienza la mejor semana de tu vida, ¡feliz semana!",1968-09-14,2005-02-03
HELIO,helio@emailbrokenia.com,"hoy comienza la mejor semana de tu vida, ¡feliz semana!",1952-08-15,2011-04-17
MAICON,maicon@emailbrokenia.com,"hoy comienza la mejor semana de tu vida, ¡feliz semana!",1976-01-28,2001-01-24
REINALDO,reinaldo@emailbrokenia.com,"hoy comienza la mejor semana de tu vida, ¡feliz semana!",1999-09-19,2005-09-25
PABLO,pablo@emailbrokenia.com,"hoy comienza la mejor semana de tu vida, ¡feliz semana!",1956-10-06,2007-03-13
ARTUR,artur@emailbrokenia.com,"hoy comienza la mejor semana de tu vida, ¡feliz semana!",1952-08-16,1998-06-22
VAGNER,vagner@emailbrokenia.com,"hoy comienza la mejor semana de tu vida, ¡feliz semana!",2001-05-15,2020-01-28
VALTER,valter@emailbrokenia.com,"hoy comienza la mejor semana de tu vida, ¡feliz semana!",1963-05-29,1999-01-22
CELSO,celso@emailbrokenia.com,"hoy comienza la mejor semana de tu vida, ¡feliz semana!",1953-02-02,2008-11-27
IVAN,ivan@emailbrokenia.com,"hoy comienza la mejor semana de tu vida, ¡feliz semana!",2000-03-06,2018-11-16
CLEITON,cleiton@emailbrokenia.com,"hoy comienza la mejor semana de tu vida, ¡feliz semana!",1989-05-05,2007-07-02
VANDERLEI,vanderlei@emailbrokenia.com,"hoy comienza la mejor semana de tu vida, ¡feliz semana!",2005-08-26,2018-04-11
VICENTE,vicente@emailbrokenia.com,"hoy comienza la mejor semana de tu vida, ¡feliz semana!",1971-06-18,2023-03-29
ARTHUR,arthur@emailbrokenia.com,"hoy comienza la mejor semana de tu vida, ¡feliz semana!",1976-03-10,2000-11-13
MILTON,milton@emailbrokenia.com,"hoy comienza la mejor semana de tu vida, ¡feliz semana!",1999-06-03,2018-12-30
DOMINGOS,domingos@emailbrokenia.com,"hoy comienza la mejor semana de tu vida, ¡feliz semana!",1954-03-23,2022-02-09
WAGNER,wagner@emailbrokenia.com,"hoy comienza la mejor semana de tu vida, ¡feliz semana!",1955-06-14,2020-11-23
SANDRO,sandro@emailbrokenia.com,"hoy comienza la mejor semana de tu vida, ¡feliz semana!",1980-09-15,2012-12-11
MOISES,moises@emailbrokenia.com,"hoy comienza la mejor semana de tu vida, ¡feliz semana!",1958-12-22,2014-02-14
EDILSON,edilson@emailbrokenia.com,"hoy comienza la mejor semana de tu vida, ¡feliz semana!",1969-03-03,2014-03-23
ADEMIR,ademir@emailbrokenia.com,"hoy comienza la mejor semana de tu vida, ¡feliz semana!",1950-08-16,1999-02-19
ADAO,adao@emailbrokenia.com,"hoy comienza la mejor semana de tu vida, ¡feliz semana!",2001-08-26,2009-08-26
EVANDRO,evandro@emailbrokenia.com,"hoy comienza la mejor semana de tu vida, ¡feliz semana!",1982-03-24,2003-12-25
CESAR,cesar@emailbrokenia.com,"hoy comienza la mejor semana de tu vida, ¡feliz semana!",1998-05-07,2013-01-14
VALMIR,valmir@emailbrokenia.com,"hoy comienza la mejor semana de tu vida, ¡feliz semana!",1997-08-31,2021-03-14
MURILO,murilo@emailbrokenia.com,"hoy comienza la mejor semana de tu vida, ¡feliz semana!",1988-08-16,2017-05-13
JULIANO,juliano@emailbrokenia.com,"hoy comienza la mejor semana de tu vida, ¡feliz semana!",1979-07-11,2007-10-24
EDVALDO,edvaldo@emailbrokenia.com,"hoy comienza la mejor semana de tu vida, ¡feliz semana!",1975-08-08,2022-05-25
AILTON,ailton@emailbrokenia.com,"hoy comienza la mejor semana de tu vida, ¡feliz semana!",2000-01-26,2008-06-19
JUNIOR,junior@emailbrokenia.com,"hoy comienza la mejor semana de tu vida, ¡feliz semana!",1956-12-18,2002-01-26
BRENO,breno@emailbrokenia.com,"hoy comienza la mejor semana de tu vida, ¡feliz semana!",1960-12-08,2018-04-09
NICOLAS,nicolas@emailbrokenia.com,"hoy comienza la mejor semana de tu vida, ¡feliz semana!",2001-08-10,2008-06-30
RUAN,ruan@emailbrokenia.com,"hoy comienza la mejor semana de tu vida, ¡feliz semana!",1967-05-17,2009-09-26
ALBERTO,alberto@emailbrokenia.com,"hoy comienza la mejor semana de tu vida, ¡feliz semana!",1988-04-24,2013-06-19
RUBENS,rubens@emailbrokenia.com,"hoy comienza la mejor semana de tu vida, ¡feliz semana!",1956-06-27,2004-07-22
NILTON,nilton@emailbrokenia.com,"hoy comienza la mejor semana de tu vida, ¡feliz semana!",1997-05-06,2021-12-15
AUGUSTO,augusto@emailbrokenia.com,"hoy comienza la mejor semana de tu vida, ¡feliz semana!",2002-10-16,2004-08-24
CLEBER,cleber@emailbrokenia.com,"hoy comienza la mejor semana de tu vida, ¡feliz semana!",1962-12-21,2003-04-12
OSMAR,osmar@emailbrokenia.com,"hoy comienza la mejor semana de tu vida, ¡feliz semana!",1951-08-08,2019-03-17
NILSON,nilson@emailbrokenia.com,"hoy comienza la mejor semana de tu vida, ¡feliz semana!",1963-02-04,2000-01-10
ORLANDO,orlando@emailbrokenia.com,"hoy comienza la mejor semana de tu vida, ¡feliz semana!",1993-08-12,2021-02-08
HUGO,hugo@emailbrokenia.com,"hoy comienza la mejor semana de tu vida, ¡feliz semana!",2001-07-13,2019-03-16
OTAVIO,otavio@emailbrokenia.com,"hoy comienza la mejor semana de tu vida, ¡feliz semana!",1979-09-19,2001-04-11
VINICIOS,vinicios@emailbrokenia.com,"hoy comienza la mejor semana de tu vida, ¡feliz semana!",1995-09-16,2020-06-06
ITALO,italo@emailbrokenia.com,"hoy comienza la mejor semana de tu vida, ¡feliz semana!",1986-12-04,2010-06-12
WILIAN,wilian@emailbrokenia.com,"hoy comienza la mejor semana de tu vida, ¡feliz semana!",1970-01-03,2011-11-06
ALISSON,alisson@emailbrokenia.com,"hoy comienza la mejor semana de tu vida, ¡feliz semana!",1989-09-13,2003-04-27
APARECIDO,aparecido@emailbrokenia.com,"hoy comienza la mejor semana de tu vida, ¡feliz semana!",1967-06-06,2003-12-31
ISRAEL,israel@emailbrokenia.com,"hoy comienza la mejor semana de tu vida, ¡feliz semana!",1960-04-25,2018-04-10
EDMILSON,edmilson@emailbrokenia.com,"hoy comienza la mejor semana de tu vida, ¡feliz semana!",1998-03-01,2000-10-20
JOSUE,josue@emailbrokenia.com,"hoy comienza la mejor semana de tu vida, ¡feliz semana!",1958-10-26,2016-10-21
GERSON,gerson@emailbrokenia.com,"hoy comienza la mejor semana de tu vida, ¡feliz semana!",1975-02-12,2019-01-22
CAUA,caua@emailbrokenia.com,"hoy comienza la mejor semana de tu vida, ¡feliz semana!",1977-11-11,2011-02-23
SIDNEI,sidnei@emailbrokenia.com,"hoy comienza la mejor semana de tu vida, ¡feliz semana!",1999-07-09,2009-06-29
EMANUEL,emanuel@emailbrokenia.com,"hoy comienza la mejor semana de tu vida, ¡feliz semana!",2001-01-05,2021-06-18
VALDEMAR,valdemar@emailbrokenia.com,"hoy comienza la mejor semana de tu vida, ¡feliz semana!",1963-01-25,2001-03-30
JAIME,jaime@emailbrokenia.com,"hoy comienza la mejor semana de tu vida, ¡feliz semana!",1952-05-14,1998-06-08
EDIVALDO,edivaldo@emailbrokenia.com,"hoy comienza la mejor semana de tu vida, ¡feliz semana!",1953-11-12,2013-09-14
ARNALDO,arnaldo@emailbrokenia.com,"hoy comienza la mejor semana de tu vida, ¡feliz semana!",1987-07-22,2023-01-16
MOACIR,moacir@emailbrokenia.com,"hoy comienza la mejor semana de tu vida, ¡feliz semana!",1967-02-05,2020-08-11
DAMIAO,damiao@emailbrokenia.com,"hoy comienza la mejor semana de tu vida, ¡feliz semana!",1976-08-27,2001-12-11
ISMAEL,ismael@emailbrokenia.com,"hoy comienza la mejor semana de tu vida, ¡feliz semana!",1972-02-23,2018-01-05
NIVALDO,nivaldo@emailbrokenia.com,"hoy comienza la mejor semana de tu vida, ¡feliz semana!",1953-03-26,1998-10-28
JAIRO,jairo@emailbrokenia.com,"hoy comienza la mejor semana de tu vida, ¡feliz semana!",1953-11-13,2020-08-24
ISAIAS,isaias@emailbrokenia.com,"hoy comienza la mejor semana de tu vida, ¡feliz semana!",1974-03-10,2013-11-05
MICHEL,michel@emailbrokenia.com,"hoy comienza la mejor semana de tu vida, ¡feliz semana!",1991-05-11,2009-05-26
ANGELO,angelo@emailbrokenia.com,"hoy comienza la mejor semana de tu vida, ¡feliz semana!",1961-09-28,2001-12-13
CRISTIAN,cristian@emailbrokenia.com,"hoy comienza la mejor semana de tu vida, ¡feliz semana!",1978-10-05,2014-06-15
WELLINGTON,wellington@emailbrokenia.com,"hoy comienza la mejor semana de tu vida, ¡feliz semana!",2002-07-24,2016-05-03
ALEXANDRO,alexandro@emailbrokenia.com,"hoy comienza la mejor semana de tu vida, ¡feliz semana!",1975-03-27,2020-03-29
VALDEMIR,valdemir@emailbrokenia.com,"hoy comienza la mejor semana de tu vida, ¡feliz semana!",1990-03-18,2020-07-09
WANDERSON,wanderson@emailbrokenia.com,"hoy comienza la mejor semana de tu vida, ¡feliz semana!",1965-08-01,2015-01-09
JAILSON,jailson@emailbrokenia.com,"hoy comienza la mejor semana de tu vida, ¡feliz semana!",1974-10-01,2018-02-01
DENIS,denis@emailbrokenia.com,"hoy comienza la mejor semana de tu vida, ¡feliz semana!",2005-06-19,1999-07-24
RIAN,rian@emailbrokenia.com,"hoy comienza la mejor semana de tu vida, ¡feliz semana!",1952-11-02,2012-11-13
CELIO,celio@emailbrokenia.com,"hoy comienza la mejor semana de tu vida, ¡feliz semana!",1958-08-17,2021-01-14
CLAUDINEI,claudinei@emailbrokenia.com,"hoy comienza la mejor semana de tu vida, ¡feliz semana!",1961-04-10,2013-08-17
DENILSON,denilson@emailbrokenia.com,"hoy comienza la mejor semana de tu vida, ¡feliz semana!",1953-02-20,2007-04-08
IAGO,iago@emailbrokenia.com,"hoy comienza la mejor semana de tu vida, ¡feliz semana!",1958-07-03,2004-10-31
EDER,eder@emailbrokenia.com,"hoy comienza la mejor semana de tu vida, ¡feliz semana!",1964-02-08,2004-08-16
YURI,yuri@emailbrokenia.com,"hoy comienza la mejor semana de tu vida, ¡feliz semana!",1987-10-29,2018-03-06
CHARLES,charles@emailbrokenia.com,"hoy comienza la mejor semana de tu vida, ¡feliz semana!",1997-05-31,2000-02-19
MARLON,marlon@emailbrokenia.com,"hoy comienza la mejor semana de tu vida, ¡feliz semana!",1977-11-22,2016-11-29
ALISON,alison@emailbrokenia.com,"hoy comienza la mejor semana de tu vida, ¡feliz semana!",1981-09-23,2003-10-18
JONATAN,jonatan@emailbrokenia.com,"hoy comienza la mejor semana de tu vida, ¡feliz semana!",1978-12-22,2019-01-16
ERIC,eric@emailbrokenia.com,"hoy comienza la mejor semana de tu vida, ¡feliz semana!",1961-08-30,2023-10-15
ELTON,elton@emailbrokenia.com,"hoy comienza la mejor semana de tu vida, ¡feliz semana!",1977-10-24,2013-07-03
VALDECIR,valdecir@emailbrokenia.com,"hoy comienza la mejor semana de tu vida, ¡feliz semana!",1982-05-05,2003-04-14
WESLEI,weslei@emailbrokenia.com,"hoy comienza la mejor semana de tu vida, ¡feliz semana!",1983-10-10,2018-09-09
NATANAEL,natanael@emailbrokenia.com,"hoy comienza la mejor semana de tu vida, ¡feliz semana!",1992-02-26,2018-06-09
ERICK,erick@emailbrokenia.com,"hoy comienza la mejor semana de tu vida, ¡feliz semana!",1961-03-26,2005-10-02
AGNALDO,agnaldo@emailbrokenia.com,"hoy comienza la mejor semana de tu vida, ¡feliz semana!",2000-11-28,2016-11-25
KAUAN,kauan@emailbrokenia.com,"hoy comienza la mejor semana de tu vida, ¡feliz semana!",1969-11-08,2007-01-03
ODAIR,odair@emailbrokenia.com,"hoy comienza la mejor semana de tu vida, ¡feliz semana!",2006-02-18,2019-12-29
WALTER,walter@emailbrokenia.com,"hoy comienza la mejor semana de tu vida, ¡feliz semana!",2005-08-02,2002-07-27
ARLINDO,arlindo@emailbrokenia.com,"hoy comienza la mejor semana de tu vida, ¡feliz semana!",1976-10-28,2011-10-06
MICHAEL,michael@emailbrokenia.com,"hoy comienza la mejor semana de tu vida, ¡feliz semana!",1983-05-12,2021-10-25
ALVARO,alvaro@emailbrokenia.com,"hoy comienza la mejor semana de tu vida, ¡feliz semana!",1993-11-26,2008-11-01
GEOVANE,geovane@emailbrokenia.com,"hoy comienza la mejor semana de tu vida, ¡feliz semana!",1986-10-18,2008-01-07
EVERALDO,everaldo@emailbrokenia.com,"hoy comienza la mejor semana de tu vida, ¡feliz semana!",1973-05-10,2002-08-29
EZEQUIEL,ezequiel@emailbrokenia.com,"hoy comienza la mejor semana de tu vida, ¡feliz semana!",1990-06-17,2010-11-27
ALMIR,almir@emailbrokenia.com,"hoy comienza la mejor semana de tu vida, ¡feliz semana!",2005-11-05,2006-08-20
IVO,ivo@emailbrokenia.com,"hoy comienza la mejor semana de tu vida, ¡feliz semana!",2001-01-22,2022-03-14
ADEMAR,ademar@emailbrokenia.com,"hoy comienza la mejor semana de tu vida, ¡feliz semana!",1957-12-09,2003-01-22
RAMON,ramon@emailbrokenia.com,"hoy comienza la mejor semana de tu vida, ¡feliz semana!",2000-08-14,2017-08-11
VALDECI,valdeci@emailbrokenia.com,"hoy comienza la mejor semana de tu vida, ¡feliz semana!",2001-11-22,2023-01-18
FILIPE,filipe@emailbrokenia.com,"hoy comienza la mejor semana de tu vida, ¡feliz semana!",1965-01-01,2009-12-02
WILLIAM,william@emailbrokenia.com,"hoy comienza la mejor semana de tu vida, ¡feliz semana!",1951-09-24,2001-02-18
JONATAS,jonatas@emailbrokenia.com,"hoy comienza la mejor semana de tu vida, ¡feliz semana!",1952-02-01,2010-01-21
IVANILDO,ivanildo@emailbrokenia.com,"hoy comienza la mejor semana de tu vida, ¡feliz semana!",1979-06-23,2022-04-05
ROMARIO,romario@emailbrokenia.com,"hoy comienza la mejor semana de tu vida, ¡feliz semana!",1955-11-05,2009-08-08
JACKSON,jackson@emailbrokenia.com,"hoy comienza la mejor semana de tu vida, ¡feliz semana!",1955-06-23,2009-03-01
GILVAN,gilvan@emailbrokenia.com,"hoy comienza la mejor semana de tu vida, ¡feliz semana!",1955-04-07,2011-09-10
KAUA,kaua@emailbrokenia.com,"hoy comienza la mejor semana de tu vida, ¡feliz semana!",1955-10-13,2000-08-19
JONATHAN,jonathan@emailbrokenia.com,"hoy comienza la mejor semana de tu vida, ¡feliz semana!",1993-12-04,2013-12-23
ALFREDO,alfredo@emailbrokenia.com,"hoy comienza la mejor semana de tu vida, ¡feliz semana!",1985-06-16,2011-11-07
NATAN,natan@emailbrokenia.com,"hoy comienza la mejor semana de tu vida, ¡feliz semana!",1982-10-25,2015-05-20
RAUL,raul@emailbrokenia.com,"hoy comienza la mejor semana de tu vida, ¡feliz semana!",1966-02-14,1998-10-05
BERNARDO,bernardo@emailbrokenia.com,"hoy comienza la mejor semana de tu vida, ¡feliz semana!",1956-03-14,2013-01-17
JOSIAS,josias@emailbrokenia.com,"hoy comienza la mejor semana de tu vida, ¡feliz semana!",1979-01-26,2005-09-30
RODOLFO,rodolfo@emailbrokenia.com,"hoy comienza la mejor semana de tu vida, ¡feliz semana!",1994-02-08,2002-07-01
GEAN,gean@emailbrokenia.com,"hoy comienza la mejor semana de tu vida, ¡feliz semana!",1954-10-22,2005-10-29
LAZARO,lazaro@emailbrokenia.com,"hoy comienza la mejor semana de tu vida, ¡feliz semana!",1981-03-01,2017-12-18
LUCIO,lucio@emailbrokenia.com,"hoy comienza la mejor semana de tu vida, ¡feliz semana!",1993-11-28,2004-04-01
JOSIMAR,josimar@emailbrokenia.com,"hoy comienza la mejor semana de tu vida, ¡feliz semana!",1966-02-27,2012-05-20
VILMAR,vilmar@emailbrokenia.com,"hoy comienza la mejor semana de tu vida, ¡feliz semana!",1951-11-27,2006-09-18
JEFFERSON,jefferson@emailbrokenia.com,"hoy comienza la mejor semana de tu vida, ¡feliz semana!",1953-11-12,2019-01-16
ALCIDES,alcides@emailbrokenia.com,"hoy comienza la mejor semana de tu vida, ¡feliz semana!",2005-07-09,2017-03-22
VALDOMIRO,valdomiro@emailbrokenia.com,"hoy comienza la mejor semana de tu vida, ¡feliz semana!",1966-01-26,2019-01-14
ARMANDO,armando@emailbrokenia.com,"hoy comienza la mejor semana de tu vida, ¡feliz semana!",1991-01-14,2020-03-27
ROMULO,romulo@emailbrokenia.com,"hoy comienza la mejor semana de tu vida, ¡feliz semana!",1998-01-02,2012-05-17
CASSIO,cassio@emailbrokenia.com,"hoy comienza la mejor semana de tu vida, ¡feliz semana!",1977-08-29,2000-09-27
EDNALDO,ednaldo@emailbrokenia.com,"hoy comienza la mejor semana de tu vida, ¡feliz semana!",1967-03-18,2004-10-25
WELITON,weliton@emailbrokenia.com,"hoy comienza la mejor semana de tu vida, ¡feliz semana!",1982-02-23,2001-07-20
AIRTON,airton@emailbrokenia.com,"hoy comienza la mejor semana de tu vida, ¡feliz semana!",1983-06-16,2022-04-19
CLAUDEMIR,claudemir@emailbrokenia.com,"hoy comienza la mejor semana de tu vida, ¡feliz semana!",1976-03-08,2019-11-11
WELINGTON,welington@emailbrokenia.com,"hoy comienza la mejor semana de tu vida, ¡feliz semana!",1958-05-28,2016-03-04
CAIQUE,caique@emailbrokenia.com,"hoy comienza la mejor semana de tu vida, ¡feliz semana!",1986-09-11,2003-05-11
RICHARD,richard@emailbrokenia.com,"hoy comienza la mejor semana de tu vida, ¡feliz semana!",1959-08-10,2020-01-26
LAERCIO,laercio@emailbrokenia.com,"hoy comienza la mejor semana de tu vida, ¡feliz semana!",1985-05-20,2001-12-24
PATRICK,patrick@emailbrokenia.com,"hoy comienza la mejor semana de tu vida, ¡feliz semana!",1958-08-30,2005-08-28
AFONSO,afonso@emailbrokenia.com,"hoy comienza la mejor semana de tu vida, ¡feliz semana!",1989-11-02,2016-07-04
CLOVIS,clovis@emailbrokenia.com,"hoy comienza la mejor semana de tu vida, ¡feliz semana!",1976-11-18,2022-11-07
ADALBERTO,adalberto@emailbrokenia.com,"hoy comienza la mejor semana de tu vida, ¡feliz semana!",1959-02-16,2010-09-06
EDMAR,edmar@emailbrokenia.com,"hoy comienza la mejor semana de tu vida, ¡feliz semana!",1962-01-28,2019-03-05
ENZO,enzo@emailbrokenia.com,"hoy comienza la mejor semana de tu vida, ¡feliz semana!",1992-12-26,2018-08-24
JURANDIR,jurandir@emailbrokenia.com,"hoy comienza la mejor semana de tu vida, ¡feliz semana!",1979-10-11,2022-07-30
EDGAR,edgar@emailbrokenia.com,"hoy comienza la mejor semana de tu vida, ¡feliz semana!",1967-10-28,2009-08-11
EDIMILSON,edimilson@emailbrokenia.com,"hoy comienza la mejor semana de tu vida, ¡feliz semana!",1971-07-13,2016-09-12
MARIA,maria@emailbrokenia.com,"hoy comienza la mejor semana de tu vida, ¡feliz semana!",2003-03-31,2008-12-06
ANA,ana@emailbrokenia.com,"hoy comienza la mejor semana de tu vida, ¡feliz semana!",1976-07-04,2020-06-24
FRANCISCA,francisca@emailbrokenia.com,"hoy comienza la mejor semana de tu vida, ¡feliz semana!",1974-09-04,2007-05-07
ANTONIA,antonia@emailbrokenia.com,"hoy comienza la mejor semana de tu vida, ¡feliz semana!",1997-04-18,2019-04-18
ADRIANA,adriana@emailbrokenia.com,"hoy comienza la mejor semana de tu vida, ¡feliz semana!",1979-10-11,2020-03-09
JULIANA,juliana@emailbrokenia.com,"hoy comienza la mejor semana de tu vida, ¡feliz semana!",1960-03-06,2014-05-24
MARCIA,marcia@emailbrokenia.com,"hoy comienza la mejor semana de tu vida, ¡feliz semana!",1961-08-26,1998-06-05
FERNANDA,fernanda@emailbrokenia.com,"hoy comienza la mejor semana de tu vida, ¡feliz semana!",1959-12-03,2009-02-04
PATRICIA,patricia@emailbrokenia.com,"hoy comienza la mejor semana de tu vida, ¡feliz semana!",1981-11-21,2004-12-22
ALINE,aline@emailbrokenia.com,"hoy comienza la mejor semana de tu vida, ¡feliz semana!",2003-04-23,1999-02-02
SANDRA,sandra@emailbrokenia.com,"hoy comienza la mejor semana de tu vida, ¡feliz semana!",1956-11-17,2021-04-12
CAMILA,camila@emailbrokenia.com,"hoy comienza la mejor semana de tu vida, ¡feliz semana!",1992-03-19,2016-09-09
AMANDA,amanda@emailbrokenia.com,"hoy comienza la mejor semana de tu vida, ¡feliz semana!",1951-09-10,2008-07-04
BRUNA,bruna@emailbrokenia.com,"hoy comienza la mejor semana de tu vida, ¡feliz semana!",1966-02-11,2018-04-04
JESSICA,jessica@emailbrokenia.com,"hoy comienza la mejor semana de tu vida, ¡feliz semana!",2003-01-06,2022-02-24
LETICIA,leticia@emailbrokenia.com,"hoy comienza la mejor semana de tu vida, ¡feliz semana!",1998-12-20,2012-11-13
JULIA,julia@emailbrokenia.com,"hoy comienza la mejor semana de tu vida, ¡feliz semana!",1964-06-18,2010-05-28
LUCIANA,luciana@emailbrokenia.com,"hoy comienza la mejor semana de tu vida, ¡feliz semana!",2003-08-07,2016-04-03
VANESSA,vanessa@emailbrokenia.com,"hoy comienza la mejor semana de tu vida, ¡feliz semana!",1993-12-08,2002-02-02
MARIANA,mariana@emailbrokenia.com,"hoy comienza la mejor semana de tu vida, ¡feliz semana!",2002-02-20,2005-08-29
GABRIELA,gabriela@emailbrokenia.com,"hoy comienza la mejor semana de tu vida, ¡feliz semana!",1984-08-28,2005-11-05
VERA,vera@emailbrokenia.com,"hoy comienza la mejor semana de tu vida, ¡feliz semana!",1965-02-21,2015-07-16
VITORIA,vitoria@emailbrokenia.com,"hoy comienza la mejor semana de tu vida, ¡feliz semana!",1995-10-31,2022-07-16
LARISSA,larissa@emailbrokenia.com,"hoy comienza la mejor semana de tu vida, ¡feliz semana!",1963-06-13,2015-11-12
CLAUDIA,claudia@emailbrokenia.com,"hoy comienza la mejor semana de tu vida, ¡feliz semana!",1987-02-07,2010-04-14
BEATRIZ,beatriz@emailbrokenia.com,"hoy comienza la mejor semana de tu vida, ¡feliz semana!",1988-12-29,2007-12-08
RITA,rita@emailbrokenia.com,"hoy comienza la mejor semana de tu vida, ¡feliz semana!",1965-03-28,2008-05-28
LUANA,luana@emailbrokenia.com,"hoy comienza la mejor semana de tu vida, ¡feliz semana!",1988-12-01,2002-12-24
SONIA,sonia@emailbrokenia.com,"hoy comienza la mejor semana de tu vida, ¡feliz semana!",1996-02-20,2006-02-27
RENATA,renata@emailbrokenia.com,"hoy comienza la mejor semana de tu vida, ¡feliz semana!",1980-03-15,2009-12-12
ELIANE,eliane@emailbrokenia.com,"hoy comienza la mejor semana de tu vida, ¡feliz semana!",1999-03-06,2001-02-26
JOSEFA,josefa@emailbrokenia.com,"hoy comienza la mejor semana de tu vida, ¡feliz semana!",2006-06-15,2016-08-09
SIMONE,simone@emailbrokenia.com,"hoy comienza la mejor semana de tu vida, ¡feliz semana!",1954-10-07,2015-07-22
NATALIA,natalia@emailbrokenia.com,"hoy comienza la mejor semana de tu vida, ¡feliz semana!",2002-03-16,2007-07-12
CRISTIANE,cristiane@emailbrokenia.com,"hoy comienza la mejor semana de tu vida, ¡feliz semana!",1958-04-24,2021-06-15
CARLA,carla@emailbrokenia.com,"hoy comienza la mejor semana de tu vida, ¡feliz semana!",2006-01-30,2017-05-30
DEBORA,debora@emailbrokenia.com,"hoy comienza la mejor semana de tu vida, ¡feliz semana!",2006-10-18,2008-04-24
ROSANGELA,rosangela@emailbrokenia.com,"hoy comienza la mejor semana de tu vida, ¡feliz semana!",1969-08-01,2009-05-10
JAQUELINE,jaqueline@emailbrokenia.com,"hoy comienza la mejor semana de tu vida, ¡feliz semana!",1963-11-25,2008-07-09
ROSA,rosa@emailbrokenia.com,"hoy comienza la mejor semana de tu vida, ¡feliz semana!",1972-11-27,2010-06-20
APARECIDA,aparecida@emailbrokenia.com,"hoy comienza la mejor semana de tu vida, ¡feliz semana!",1988-04-06,2019-03-15
DANIELA,daniela@emailbrokenia.com,"hoy comienza la mejor semana de tu vida, ¡feliz semana!",1966-08-12,2001-05-18
MARLENE,marlene@emailbrokenia.com,"hoy comienza la mejor semana de tu vida, ¡feliz semana!",1980-12-16,2017-07-05
TEREZINHA,terezinha@emailbrokenia.com,"hoy comienza la mejor semana de tu vida, ¡feliz semana!",1998-08-06,2006-07-15
RAIMUNDA,raimunda@emailbrokenia.com,"hoy comienza la mejor semana de tu vida, ¡feliz semana!",1970-07-15,2005-01-23
ANDREIA,andreia@emailbrokenia.com,"hoy comienza la mejor semana de tu vida, ¡feliz semana!",1998-12-05,2007-04-05
FABIANA,fabiana@emailbrokenia.com,"hoy comienza la mejor semana de tu vida, ¡feliz semana!",1972-01-04,2003-08-29
LUCIA,lucia@emailbrokenia.com,"hoy comienza la mejor semana de tu vida, ¡feliz semana!",1960-09-11,2018-08-22
RAQUEL,raquel@emailbrokenia.com,"hoy comienza la mejor semana de tu vida, ¡feliz semana!",1968-01-24,2005-12-07
ANGELA,angela@emailbrokenia.com,"hoy comienza la mejor semana de tu vida, ¡feliz semana!",2001-05-24,2017-01-20
RAFAELA,rafaela@emailbrokenia.com,"hoy comienza la mejor semana de tu vida, ¡feliz semana!",1976-07-04,2023-08-30
JOANA,joana@emailbrokenia.com,"hoy comienza la mejor semana de tu vida, ¡feliz semana!",1951-01-23,2011-02-25
LUZIA,luzia@emailbrokenia.com,"hoy comienza la mejor semana de tu vida, ¡feliz semana!",1993-05-03,2012-02-27
ELAINE,elaine@emailbrokenia.com,"hoy comienza la mejor semana de tu vida, ¡feliz semana!",1994-06-01,2000-01-20
REGINA,regina@emailbrokenia.com,"hoy comienza la mejor semana de tu vida, ¡feliz semana!",1989-09-24,2009-04-05
DANIELE,daniele@emailbrokenia.com,"hoy comienza la mejor semana de tu vida, ¡feliz semana!",1955-02-15,2000-10-25
SUELI,sueli@emailbrokenia.com,"hoy comienza la mejor semana de tu vida, ¡feliz semana!",1982-06-24,2017-10-09
DAIANE,daiane@emailbrokenia.com,"hoy comienza la mejor semana de tu vida, ¡feliz semana!",1996-11-14,2020-12-09
ALESSANDRA,alessandra@emailbrokenia.com,"hoy comienza la mejor semana de tu vida, ¡feliz semana!",1998-03-04,2005-05-27
ISABEL,isabel@emailbrokenia.com,"hoy comienza la mejor semana de tu vida, ¡feliz semana!",1992-07-28,2020-06-04
SARA,sara@emailbrokenia.com,"hoy comienza la mejor semana de tu vida, ¡feliz semana!",1954-03-10,2005-05-29
BIANCA,bianca@emailbrokenia.com,"hoy comienza la mejor semana de tu vida, ¡feliz semana!",1954-12-16,2005-04-30
FLAVIA,flavia@emailbrokenia.com,"hoy comienza la mejor semana de tu vida, ¡feliz semana!",1977-04-28,2017-11-15
ERICA,erica@emailbrokenia.com,"hoy comienza la mejor semana de tu vida, ¡feliz semana!",1979-04-04,2023-07-27
VIVIANE,viviane@emailbrokenia.com,"hoy comienza la mejor semana de tu vida, ¡feliz semana!",1984-06-05,2005-12-19
SILVANA,silvana@emailbrokenia.com,"hoy comienza la mejor semana de tu vida, ¡feliz semana!",1978-11-10,2021-12-31
PRISCILA,priscila@emailbrokenia.com,"hoy comienza la mejor semana de tu vida, ¡feliz semana!",1992-06-03,2019-11-18
PAULA,paula@emailbrokenia.com,"hoy comienza la mejor semana de tu vida, ¡feliz semana!",2005-04-12,2013-10-03
LUIZA,luiza@emailbrokenia.com,"hoy comienza la mejor semana de tu vida, ¡feliz semana!",1963-05-05,2017-08-10
TEREZA,tereza@emailbrokenia.com,"hoy comienza la mejor semana de tu vida, ¡feliz semana!",1959-04-10,2010-08-23
ISABELA,isabela@emailbrokenia.com,"hoy comienza la mejor semana de tu vida, ¡feliz semana!",1955-08-15,2014-01-02
MARTA,marta@emailbrokenia.com,"hoy comienza la mejor semana de tu vida, ¡feliz semana!",2004-08-29,1998-10-11
CAROLINE,caroline@emailbrokenia.com,"hoy comienza la mejor semana de tu vida, ¡feliz semana!",1996-01-04,2019-08-28
JANAINA,janaina@emailbrokenia.com,"hoy comienza la mejor semana de tu vida, ¡feliz semana!",1983-10-15,2021-11-22
LAURA,laura@emailbrokenia.com,"hoy comienza la mejor semana de tu vida, ¡feliz semana!",1959-10-18,2011-09-05
MARLI,marli@emailbrokenia.com,"hoy comienza la mejor semana de tu vida, ¡feliz semana!",1975-12-11,2010-04-05
TATIANE,tatiane@emailbrokenia.com,"hoy comienza la mejor semana de tu vida, ¡feliz semana!",1995-12-02,2008-03-23
MARINA,marina@emailbrokenia.com,"hoy comienza la mejor semana de tu vida, ¡feliz semana!",1965-07-09,2005-09-16
SILVIA,silvia@emailbrokenia.com,"hoy comienza la mejor semana de tu vida, ¡feliz semana!",1985-02-04,1999-08-08
MONICA,monica@emailbrokenia.com,"hoy comienza la mejor semana de tu vida, ¡feliz semana!",1984-06-26,2000-06-26
TAIS,tais@emailbrokenia.com,"hoy comienza la mejor semana de tu vida, ¡feliz semana!",1954-11-26,2010-02-12
MICHELE,michele@emailbrokenia.com,"hoy comienza la mejor semana de tu vida, ¡feliz semana!",1958-10-27,2008-08-09
SOLANGE,solange@emailbrokenia.com,"hoy comienza la mejor semana de tu vida, ¡feliz semana!",1994-11-02,2010-03-29
EDNA,edna@emailbrokenia.com,"hoy comienza la mejor semana de tu vida, ¡feliz semana!",1988-11-25,2014-11-02
FATIMA,fatima@emailbrokenia.com,"hoy comienza la mejor semana de tu vida, ¡feliz semana!",1972-04-01,2004-11-23
HELENA,helena@emailbrokenia.com,"hoy comienza la mejor semana de tu vida, ¡feliz semana!",1953-01-10,2004-11-19
CRISTINA,cristina@emailbrokenia.com,"hoy comienza la mejor semana de tu vida, ¡feliz semana!",2005-03-31,2007-03-10
ALICE,alice@emailbrokenia.com,"hoy comienza la mejor semana de tu vida, ¡feliz semana!",1980-11-12,2003-02-24
CAROLINA,carolina@emailbrokenia.com,"hoy comienza la mejor semana de tu vida, ¡feliz semana!",1964-09-09,2007-06-27
ROSANA,rosana@emailbrokenia.com,"hoy comienza la mejor semana de tu vida, ¡feliz semana!",1969-08-28,2020-11-15
ANDRESSA,andressa@emailbrokenia.com,"hoy comienza la mejor semana de tu vida, ¡feliz semana!",1983-01-16,2007-04-30
CELIA,celia@emailbrokenia.com,"hoy comienza la mejor semana de tu vida, ¡feliz semana!",1991-06-20,2010-03-28
VALERIA,valeria@emailbrokenia.com,"hoy comienza la mejor semana de tu vida, ¡feliz semana!",1988-08-25,2007-07-26
ELIANA,eliana@emailbrokenia.com,"hoy comienza la mejor semana de tu vida, ¡feliz semana!",1982-01-16,2013-02-17
SABRINA,sabrina@emailbrokenia.com,"hoy comienza la mejor semana de tu vida, ¡feliz semana!",2002-03-16,2022-06-14
ANDREA,andrea@emailbrokenia.com,"hoy comienza la mejor semana de tu vida, ¡feliz semana!",1983-02-08,1999-02-19
TANIA,tania@emailbrokenia.com,"hoy comienza la mejor semana de tu vida, ¡feliz semana!",1996-09-04,2004-03-01
BARBARA,barbara@emailbrokenia.com,"hoy comienza la mejor semana de tu vida, ¡feliz semana!",1972-12-20,2018-10-15
THAIS,thais@emailbrokenia.com,"hoy comienza la mejor semana de tu vida, ¡feliz semana!",1984-07-29,2002-02-08
DENISE,denise@emailbrokenia.com,"hoy comienza la mejor semana de tu vida, ¡feliz semana!",1984-12-03,2015-09-08
ROSELI,roseli@emailbrokenia.com,"hoy comienza la mejor semana de tu vida, ¡feliz semana!",1988-05-13,2016-05-21
GISELE,gisele@emailbrokenia.com,"hoy comienza la mejor semana de tu vida, ¡feliz semana!",2004-02-02,1999-12-15
MARILENE,marilene@emailbrokenia.com,"hoy comienza la mejor semana de tu vida, ¡feliz semana!",1994-07-05,2011-09-30
KATIA,katia@emailbrokenia.com,"hoy comienza la mejor semana de tu vida, ¡feliz semana!",1982-04-27,2012-12-16
EVA,eva@emailbrokenia.com,"hoy comienza la mejor semana de tu vida, ¡feliz semana!",1970-10-20,2000-11-04
MILENA,milena@emailbrokenia.com,"hoy comienza la mejor semana de tu vida, ¡feliz semana!",1978-03-19,2003-01-12
EDUARDA,eduarda@emailbrokenia.com,"hoy comienza la mejor semana de tu vida, ¡feliz semana!",2004-11-10,2002-01-08
ELISANGELA,elisangela@emailbrokenia.com,"hoy comienza la mejor semana de tu vida, ¡feliz semana!",1972-02-16,2014-01-19
VILMA,vilma@emailbrokenia.com,"hoy comienza la mejor semana de tu vida, ¡feliz semana!",1985-06-08,2002-12-24
GEOVANA,geovana@emailbrokenia.com,"hoy comienza la mejor semana de tu vida, ¡feliz semana!",1996-09-11,2018-12-27
LUCIENE,luciene@emailbrokenia.com,"hoy comienza la mejor semana de tu vida, ¡feliz semana!",1979-10-16,1999-03-13
TAMIRES,tamires@emailbrokenia.com,"hoy comienza la mejor semana de tu vida, ¡feliz semana!",1993-09-20,2008-08-26
TATIANA,tatiana@emailbrokenia.com,"hoy comienza la mejor semana de tu vida, ¡feliz semana!",1974-02-25,2021-12-22
ROBERTA,roberta@emailbrokenia.com,"hoy comienza la mejor semana de tu vida, ¡feliz semana!",1991-04-03,2023-04-03
ELZA,elza@emailbrokenia.com,"hoy comienza la mejor semana de tu vida, ¡feliz semana!",1970-06-10,2017-04-13
TALITA,talita@emailbrokenia.com,"hoy comienza la mejor semana de tu vida, ¡feliz semana!",1996-12-17,2004-01-31
MARCELA,marcela@emailbrokenia.com,"hoy comienza la mejor semana de tu vida, ¡feliz semana!",1979-03-27,2012-08-28
PAMELA,pamela@emailbrokenia.com,"hoy comienza la mejor semana de tu vida, ¡feliz semana!",1960-10-26,2015-06-20
VANIA,vania@emailbrokenia.com,"hoy comienza la mejor semana de tu vida, ¡feliz semana!",1975-07-30,2022-11-30
IRENE,irene@emailbrokenia.com,"hoy comienza la mejor semana de tu vida, ¡feliz semana!",1992-08-21,2014-11-21
JOSIANE,josiane@emailbrokenia.com,"hoy comienza la mejor semana de tu vida, ¡feliz semana!",1953-06-14,2019-12-18
LIVIA,livia@emailbrokenia.com,"hoy comienza la mejor semana de tu vida, ¡feliz semana!",2002-01-11,2006-03-30
CINTIA,cintia@emailbrokenia.com,"hoy comienza la mejor semana de tu vida, ¡feliz semana!",1977-07-28,2010-06-06
IVONE,ivone@emailbrokenia.com,"hoy comienza la mejor semana de tu vida, ¡feliz semana!",1957-10-26,2013-05-02
LAIS,lais@emailbrokenia.com,"hoy comienza la mejor semana de tu vida, ¡feliz semana!",1992-12-26,2005-08-04
BENEDITA,benedita@emailbrokenia.com,"hoy comienza la mejor semana de tu vida, ¡feliz semana!",1956-08-06,2010-11-03
SEBASTIANA,sebastiana@emailbrokenia.com,"hoy comienza la mejor semana de tu vida, ¡feliz semana!",1962-05-31,2019-10-19
TAINA,taina@emailbrokenia.com,"hoy comienza la mejor semana de tu vida, ¡feliz semana!",1997-01-17,2019-07-27
JOICE,joice@emailbrokenia.com,"hoy comienza la mejor semana de tu vida, ¡feliz semana!",1981-06-19,2016-11-03
MIRIAN,mirian@emailbrokenia.com,"hoy comienza la mejor semana de tu vida, ¡feliz semana!",1993-05-25,2010-10-30
ELIZABETE,elizabete@emailbrokenia.com,"hoy comienza la mejor semana de tu vida, ¡feliz semana!",1977-01-17,2012-06-23
ANGELICA,angelica@emailbrokenia.com,"hoy comienza la mejor semana de tu vida, ¡feliz semana!",1994-04-07,2004-01-24
GABRIELE,gabriele@emailbrokenia.com,"hoy comienza la mejor semana de tu vida, ¡feliz semana!",1979-12-30,2013-12-05
BRENDA,brenda@emailbrokenia.com,"hoy comienza la mejor semana de tu vida, ¡feliz semana!",2003-08-17,2013-02-19
VERONICA,veronica@emailbrokenia.com,"hoy comienza la mejor semana de tu vida, ¡feliz semana!",1975-01-07,2010-11-27
ROSILENE,rosilene@emailbrokenia.com,"hoy comienza la mejor semana de tu vida, ¡feliz semana!",1987-05-27,2012-11-20
KARINA,karina@emailbrokenia.com,"hoy comienza la mejor semana de tu vida, ¡feliz semana!",1952-06-28,2021-09-18
NAIR,nair@emailbrokenia.com,"hoy comienza la mejor semana de tu vida, ¡feliz semana!",1994-06-06,2012-08-13
NEUSA,neusa@emailbrokenia.com,"hoy comienza la mejor semana de tu vida, ¡feliz semana!",1951-08-08,2017-01-17
MARGARIDA,margarida@emailbrokenia.com,"hoy comienza la mejor semana de tu vida, ¡feliz semana!",1996-02-03,2014-07-03
NEUZA,neuza@emailbrokenia.com,"hoy comienza la mejor semana de tu vida, ¡feliz semana!",2001-07-14,2016-06-16
NEIDE,neide@emailbrokenia.com,"hoy comienza la mejor semana de tu vida, ¡feliz semana!",1972-04-22,2018-06-28
RAISSA,raissa@emailbrokenia.com,"hoy comienza la mejor semana de tu vida, ¡feliz semana!",1953-03-20,2004-11-19
MAIARA,maiara@emailbrokenia.com,"hoy comienza la mejor semana de tu vida, ¡feliz semana!",1951-05-10,2010-05-17
LORENA,lorena@emailbrokenia.com,"hoy comienza la mejor semana de tu vida, ¡feliz semana!",1961-11-08,2021-12-08
FRANCIELE,franciele@emailbrokenia.com,"hoy comienza la mejor semana de tu vida, ¡feliz semana!",2004-10-18,1998-07-07
SAMARA,samara@emailbrokenia.com,"hoy comienza la mejor semana de tu vida, ¡feliz semana!",1959-12-11,2001-03-14
LILIAN,lilian@emailbrokenia.com,"hoy comienza la mejor semana de tu vida, ¡feliz semana!",1963-05-20,2000-08-23
JANETE,janete@emailbrokenia.com,"hoy comienza la mejor semana de tu vida, ¡feliz semana!",1974-11-27,2007-10-12
CICERA,cicera@emailbrokenia.com,"hoy comienza la mejor semana de tu vida, ¡feliz semana!",1998-03-06,2017-12-29
GIOVANA,giovana@emailbrokenia.com,"hoy comienza la mejor semana de tu vida, ¡feliz semana!",1955-12-08,2012-05-01
SEVERINA,severina@emailbrokenia.com,"hoy comienza la mejor semana de tu vida, ¡feliz semana!",2004-11-13,2004-10-26
LARA,lara@emailbrokenia.com,"hoy comienza la mejor semana de tu vida, ¡feliz semana!",1988-10-24,2009-06-02
CLEIDE,cleide@emailbrokenia.com,"hoy comienza la mejor semana de tu vida, ¡feliz semana!",1965-10-11,2021-05-07
NICOLE,nicole@emailbrokenia.com,"hoy comienza la mejor semana de tu vida, ¡feliz semana!",1960-08-01,1999-04-29
CECILIA,cecilia@emailbrokenia.com,"hoy comienza la mejor semana de tu vida, ¡feliz semana!",1962-01-12,2020-01-28
YASMIN,yasmin@emailbrokenia.com,"hoy comienza la mejor semana de tu vida, ¡feliz semana!",1986-06-22,2002-09-25
CONCEICAO,conceicao@emailbrokenia.com,"hoy comienza la mejor semana de tu vida, ¡feliz semana!",1953-11-21,2000-02-20
INGRID,ingrid@emailbrokenia.com,"hoy comienza la mejor semana de tu vida, ¡feliz semana!",2005-04-30,2020-12-06
SELMA,selma@emailbrokenia.com,"hoy comienza la mejor semana de tu vida, ¡feliz semana!",1972-04-06,1999-10-01
LEILA,leila@emailbrokenia.com,"hoy comienza la mejor semana de tu vida, ¡feliz semana!",1989-06-08,2017-04-02
RAIANE,raiane@emailbrokenia.com,"hoy comienza la mejor semana de tu vida, ¡feliz semana!",1984-08-10,2012-01-29
ESTER,ester@emailbrokenia.com,"hoy comienza la mejor semana de tu vida, ¡feliz semana!",1977-09-15,2003-01-20
REGIANE,regiane@emailbrokenia.com,"hoy comienza la mejor semana de tu vida, ¡feliz semana!",1956-02-04,2013-03-06
MARISA,marisa@emailbrokenia.com,"hoy comienza la mejor semana de tu vida, ¡feliz semana!",1998-08-15,2015-03-26
EUNICE,eunice@emailbrokenia.com,"hoy comienza la mejor semana de tu vida, ¡feliz semana!",1976-12-26,2022-07-16
KELLY,kelly@emailbrokenia.com,"hoy comienza la mejor semana de tu vida, ¡feliz semana!",1964-08-10,2014-11-23
TAINARA,tainara@emailbrokenia.com,"hoy comienza la mejor semana de tu vida, ¡feliz semana!",2006-05-18,2019-12-20
IARA,iara@emailbrokenia.com,"hoy comienza la mejor semana de tu vida, ¡feliz semana!",1997-09-21,2009-10-05
JOELMA,joelma@emailbrokenia.com,"hoy comienza la mejor semana de tu vida, ¡feliz semana!",1999-08-20,2017-07-11
MARINALVA,marinalva@emailbrokenia.com,"hoy comienza la mejor semana de tu vida, ¡feliz semana!",1969-04-14,2003-07-14
TERESINHA,teresinha@emailbrokenia.com,"hoy comienza la mejor semana de tu vida, ¡feliz semana!",1960-11-25,2006-05-29
REBECA,rebeca@emailbrokenia.com,"hoy comienza la mejor semana de tu vida, ¡feliz semana!",2006-02-19,2018-02-20
GERALDA,geralda@emailbrokenia.com,"hoy comienza la mejor semana de tu vida, ¡feliz semana!",1963-01-20,2019-07-16
CLEONICE,cleonice@emailbrokenia.com,"hoy comienza la mejor semana de tu vida, ¡feliz semana!",2003-01-04,2001-02-13
ALEXANDRA,alexandra@emailbrokenia.com,"hoy comienza la mejor semana de tu vida, ¡feliz semana!",2000-06-02,2001-07-18
MARA,mara@emailbrokenia.com,"hoy comienza la mejor semana de tu vida, ¡feliz semana!",1988-06-27,2001-09-26
JENIFER,jenifer@emailbrokenia.com,"hoy comienza la mejor semana de tu vida, ¡feliz semana!",1993-05-30,2001-05-26
ELIZANGELA,elizangela@emailbrokenia.com,"hoy comienza la mejor semana de tu vida, ¡feliz semana!",1965-03-02,2013-08-28
LILIANE,liliane@emailbrokenia.com,"hoy comienza la mejor semana de tu vida, ¡feliz semana!",1995-07-28,2016-12-17
LIDIA,lidia@emailbrokenia.com,"hoy comienza la mejor semana de tu vida, ¡feliz semana!",1983-06-29,2023-05-04
IRACEMA,iracema@emailbrokenia.com,"hoy comienza la mejor semana de tu vida, ¡feliz semana!",1982-11-04,2016-11-06
LIDIANE,lidiane@emailbrokenia.com,"hoy comienza la mejor semana de tu vida, ¡feliz semana!",1985-01-28,2009-07-17
IRACI,iraci@emailbrokenia.com,"hoy comienza la mejor semana de tu vida, ¡feliz semana!",2001-04-21,2014-09-21
MARILIA,marilia@emailbrokenia.com,"hoy comienza la mejor semana de tu vida, ¡feliz semana!",1975-07-17,2023-04-10
SHEILA,sheila@emailbrokenia.com,"hoy comienza la mejor semana de tu vida, ¡feliz semana!",1956-07-12,2020-12-13
INES,ines@emailbrokenia.com,"hoy comienza la mejor semana de tu vida, ¡feliz semana!",1988-12-23,2020-07-21
NAIARA,naiara@emailbrokenia.com,"hoy comienza la mejor semana de tu vida, ¡feliz semana!",1991-06-01,2004-09-16
POLIANA,poliana@emailbrokenia.com,"hoy comienza la mejor semana de tu vida, ¡feliz semana!",1991-06-14,2007-04-04
DALVA,dalva@emailbrokenia.com,"hoy comienza la mejor semana de tu vida, ¡feliz semana!",1968-12-13,2023-10-05
LURDES,lurdes@emailbrokenia.com,"hoy comienza la mejor semana de tu vida, ¡feliz semana!",1959-07-10,2004-03-31
TERESA,teresa@emailbrokenia.com,"hoy comienza la mejor semana de tu vida, ¡feliz semana!",1999-11-20,2017-08-10
ZILDA,zilda@emailbrokenia.com,"hoy comienza la mejor semana de tu vida, ¡feliz semana!",1990-11-07,2015-05-04
LUCILENE,lucilene@emailbrokenia.com,"hoy comienza la mejor semana de tu vida, ¡feliz semana!",2001-04-02,2013-11-22
CLARA,clara@emailbrokenia.com,"hoy comienza la mejor semana de tu vida, ¡feliz semana!",1958-08-03,2020-01-13
ROSANE,rosane@emailbrokenia.com,"hoy comienza la mejor semana de tu vida, ¡feliz semana!",1962-03-12,2017-04-10
IVONETE,ivonete@emailbrokenia.com,"hoy comienza la mejor semana de tu vida, ¡feliz semana!",1979-04-22,2023-09-20
LUCIANE,luciane@emailbrokenia.com,"hoy comienza la mejor semana de tu vida, ¡feliz semana!",1959-08-19,2023-09-11
ISADORA,isadora@emailbrokenia.com,"hoy comienza la mejor semana de tu vida, ¡feliz semana!",1955-03-25,2022-04-08
NILZA,nilza@emailbrokenia.com,"hoy comienza la mejor semana de tu vida, ¡feliz semana!",1983-12-16,2007-11-10
PALOMA,paloma@emailbrokenia.com,"hoy comienza la mejor semana de tu vida, ¡feliz semana!",1989-11-12,2014-08-05
CARMEM,carmem@emailbrokenia.com,"hoy comienza la mejor semana de tu vida, ¡feliz semana!",1987-03-13,2016-08-07
SUELEN,suelen@emailbrokenia.com,"hoy comienza la mejor semana de tu vida, ¡feliz semana!",1983-08-23,2014-07-25
ROSIMEIRE,rosimeire@emailbrokenia.com,"hoy comienza la mejor semana de tu vida, ¡feliz semana!",1996-12-26,2016-12-12
CLEUSA,cleusa@emailbrokenia.com,"hoy comienza la mejor semana de tu vida, ¡feliz semana!",1987-12-16,2023-02-03
VANDA,vanda@emailbrokenia.com,"hoy comienza la mejor semana de tu vida, ¡feliz semana!",1960-05-24,2012-02-14
ILDA,ilda@emailbrokenia.com,"hoy comienza la mejor semana de tu vida, ¡feliz semana!",1995-02-01,2008-10-25
JANE,jane@emailbrokenia.com,"hoy comienza la mejor semana de tu vida, ¡feliz semana!",1968-08-03,2016-09-30
ELIENE,eliene@emailbrokenia.com,"hoy comienza la mejor semana de tu vida, ¡feliz semana!",1971-12-17,2016-05-19
MAYARA,mayara@emailbrokenia.com,"hoy comienza la mejor semana de tu vida, ¡feliz semana!",1956-05-14,2018-12-28
DIANA,diana@emailbrokenia.com,"hoy comienza la mejor semana de tu vida, ¡feliz semana!",1992-02-03,2002-10-04
SOFIA,sofia@emailbrokenia.com,"hoy comienza la mejor semana de tu vida, ¡feliz semana!",1983-02-13,2018-07-27
ARIANE,ariane@emailbrokenia.com,"hoy comienza la mejor semana de tu vida, ¡feliz semana!",1987-07-29,2004-03-01
SUZANA,suzana@emailbrokenia.com,"hoy comienza la mejor semana de tu vida, ¡feliz semana!",2001-06-09,2001-09-05
MARIANE,mariane@emailbrokenia.com,"hoy comienza la mejor semana de tu vida, ¡feliz semana!",1984-10-17,2022-07-10
CLARICE,clarice@emailbrokenia.com,"hoy comienza la mejor semana de tu vida, ¡feliz semana!",2003-01-20,2000-05-02
DAIANA,daiana@emailbrokenia.com,"hoy comienza la mejor semana de tu vida, ¡feliz semana!",1951-11-06,2013-11-03
EDILENE,edilene@emailbrokenia.com,"hoy comienza la mejor semana de tu vida, ¡feliz semana!",1951-03-10,2016-08-25
MIRIAM,miriam@emailbrokenia.com,"hoy comienza la mejor semana de tu vida, ¡feliz semana!",1972-03-06,2007-12-19
ELISABETE,elisabete@emailbrokenia.com,"hoy comienza la mejor semana de tu vida, ¡feliz semana!",1999-09-10,2014-02-08
ELIETE,eliete@emailbrokenia.com,"hoy comienza la mejor semana de tu vida, ¡feliz semana!",1992-04-13,2016-09-04
KARINE,karine@emailbrokenia.com,"hoy comienza la mejor semana de tu vida, ¡feliz semana!",2000-10-03,2020-06-26
JUSSARA,jussara@emailbrokenia.com,"hoy comienza la mejor semana de tu vida, ¡feliz semana!",2005-04-25,2005-06-22
IZABEL,izabel@emailbrokenia.com,"hoy comienza la mejor semana de tu vida, ¡feliz semana!",1966-12-17,2000-03-20
ODETE,odete@emailbrokenia.com,"hoy comienza la mejor semana de tu vida, ¡feliz semana!",1979-06-15,2011-02-14
KAREN,karen@emailbrokenia.com,"hoy comienza la mejor semana de tu vida, ¡feliz semana!",1962-03-05,2017-07-08
LUISA,luisa@emailbrokenia.com,"hoy comienza la mejor semana de tu vida, ¡feliz semana!",1959-07-10,2019-10-28
CASSIA,cassia@emailbrokenia.com,"hoy comienza la mejor semana de tu vida, ¡feliz semana!",1990-08-27,2007-06-22
ALANA,alana@emailbrokenia.com,"hoy comienza la mejor semana de tu vida, ¡feliz semana!",1956-12-28,2004-09-03
MONIQUE,monique@emailbrokenia.com,"hoy comienza la mejor semana de tu vida, ¡feliz semana!",1995-08-21,2022-06-01
CATIA,catia@emailbrokenia.com,"hoy comienza la mejor semana de tu vida, ¡feliz semana!",1977-11-17,2020-06-19
LUCIMAR,lucimar@emailbrokenia.com,"hoy comienza la mejor semana de tu vida, ¡feliz semana!",1972-07-25,1999-05-12
DEISE,deise@emailbrokenia.com,"hoy comienza la mejor semana de tu vida, ¡feliz semana!",1980-09-28,2003-09-10
ISABELE,isabele@emailbrokenia.com,"hoy comienza la mejor semana de tu vida, ¡feliz semana!",1973-04-12,2006-09-17
KEILA,keila@emailbrokenia.com,"hoy comienza la mejor semana de tu vida, ¡feliz semana!",1988-03-08,2007-11-14
EVELIN,evelin@emailbrokenia.com,"hoy comienza la mejor semana de tu vida, ¡feliz semana!",2003-05-08,2000-12-05
ANDREZA,andreza@emailbrokenia.com,"hoy comienza la mejor semana de tu vida, ¡feliz semana!",1958-07-20,2015-03-16
ADRIELE,adriele@emailbrokenia.com,"hoy comienza la mejor semana de tu vida, ¡feliz semana!",1985-01-03,2014-07-31
JOSEANE,joseane@emailbrokenia.com,"hoy comienza la mejor semana de tu vida, ¡feliz semana!",1955-04-01,2019-05-07
LOURDES,lourdes@emailbrokenia.com,"hoy comienza la mejor semana de tu vida, ¡feliz semana!",1958-03-27,2008-11-16
YASMIM,yasmim@emailbrokenia.com,"hoy comienza la mejor semana de tu vida, ¡feliz semana!",2002-10-20,2010-08-27
ALZIRA,alzira@emailbrokenia.com,"hoy comienza la mejor semana de tu vida, ¡feliz semana!",1972-04-30,2023-02-07
CARINA,carina@emailbrokenia.com,"hoy comienza la mejor semana de tu vida, ¡feliz semana!",1985-07-13,2008-06-21
ERIKA,erika@emailbrokenia.com,"hoy comienza la mejor semana de tu vida, ¡feliz semana!",1982-04-05,2005-02-13
GISLAINE,gislaine@emailbrokenia.com,"hoy comienza la mejor semana de tu vida, ¡feliz semana!",2004-02-15,2022-06-21
EMILY,emily@emailbrokenia.com,"hoy comienza la mejor semana de tu vida, ¡feliz semana!",1953-11-21,2016-03-28
JAMILE,jamile@emailbrokenia.com,"hoy comienza la mejor semana de tu vida, ¡feliz semana!",1953-03-19,2020-01-20
CLAUDETE,claudete@emailbrokenia.com,"hoy comienza la mejor semana de tu vida, ¡feliz semana!",1969-05-08,2012-07-18
CATARINA,catarina@emailbrokenia.com,"hoy comienza la mejor semana de tu vida, ¡feliz semana!",1959-01-12,2011-07-12
GESSICA,gessica@emailbrokenia.com,"hoy comienza la mejor semana de tu vida, ¡feliz semana!",1972-07-06,2017-07-12
