nombre,email,mensaje
JOSE,jose@emailbrokenia.com,"hoy comienza la mejor semana de tu vida, ¡feliz semana!"
JOAO,joao@emailbrokenia.com,"hoy comienza la mejor semana de tu vida, ¡feliz semana!"
ANTONIO,antonio@emailbrokenia.com,"hoy comienza la mejor semana de tu vida, ¡feliz semana!"
FRANCISCO,francisco@emailbrokenia.com,"hoy comienza la mejor semana de tu vida, ¡feliz semana!"
CARLOS,carlos@emailbrokenia.com,"hoy comienza la mejor semana de tu vida, ¡feliz semana!"
PAULO,paulo@emailbrokenia.com,"hoy comienza la mejor semana de tu vida, ¡feliz semana!"
PEDRO,pedro@emailbrokenia.com,"hoy comienza la mejor semana de tu vida, ¡feliz semana!"
LUCAS,lucas@emailbrokenia.com,"hoy comienza la mejor semana de tu vida, ¡feliz semana!"
LUIZ,luiz@emailbrokenia.com,"hoy comienza la mejor semana de tu vida, ¡feliz semana!"
MARCOS,marcos@emailbrokenia.com,"hoy comienza la mejor semana de tu vida, ¡feliz semana!"
LUIS,luis@emailbrokenia.com,"hoy comienza la mejor semana de tu vida, ¡feliz semana!"
GABRIEL,gabriel@emailbrokenia.com,"hoy comienza la mejor semana de tu vida, ¡feliz semana!"
RAFAEL,rafael@emailbrokenia.com,"hoy comienza la mejor semana de tu vida, ¡feliz semana!"
DANIEL,daniel@emailbrokenia.com,"hoy comienza la mejor semana de tu vida, ¡feliz semana!"
MARCELO,marcelo@emailbrokenia.com,"hoy comienza la mejor semana de tu vida, ¡feliz semana!"
BRUNO,bruno@emailbrokenia.com,"hoy comienza la mejor semana de tu vida, ¡feliz semana!"
EDUARDO,eduardo@emailbrokenia.com,"hoy comienza la mejor semana de tu vida, ¡feliz semana!"
FELIPE,felipe@emailbrokenia.com,"hoy comienza la mejor semana de tu vida, ¡feliz semana!"
RAIMUNDO,raimundo@emailbrokenia.com,"hoy comienza la mejor semana de tu vida, ¡feliz semana!"
RODRIGO,rodrigo@emailbrokenia.com,"hoy comienza la mejor semana de tu vida, ¡feliz semana!"
MANOEL,manoel@emailbrokenia.com,"hoy comienza la mejor semana de tu vida, ¡feliz semana!"
MATEUS,mateus@emailbrokenia.com,"hoy comienza la mejor semana de tu vida, ¡feliz semana!"
ANDRE,andre@emailbrokenia.com,"hoy comienza la mejor semana de tu vida, ¡feliz semana!"
FERNANDO,fernando@emailbrokenia.com,"hoy comienza la mejor semana de tu vida, ¡feliz semana!"
FABIO,fabio@emailbrokenia.com,"hoy comienza la mejor semana de tu vida, ¡feliz semana!"
LEONARDO,leonardo@emailbrokenia.com,"hoy comienza la mejor semana de tu vida, ¡feliz semana!"
GUSTAVO,gustavo@emailbrokenia.com,"hoy comienza la mejor semana de tu vida, ¡feliz semana!"
GUILHERME,guilherme@emailbrokenia.com,"hoy comienza la mejor semana de tu vida, ¡feliz semana!"
LEANDRO,leandro@emailbrokenia.com,"hoy comienza la mejor semana de tu vida, ¡feliz semana!"
TIAGO,tiago@emailbrokenia.com,"hoy comienza la mejor semana de tu vida, ¡feliz semana!"
ANDERSON,anderson@emailbrokenia.com,"hoy comienza la mejor semana de tu vida, ¡feliz semana!"
RICARDO,ricardo@emailbrokenia.com,"hoy comienza la mejor semana de tu vida, ¡feliz semana!"
MARCIO,marcio@emailbrokenia.com,"hoy comienza la mejor semana de tu vida, ¡feliz semana!"
JORGE,jorge@emailbrokenia.com,"hoy comienza la mejor semana de tu vida, ¡feliz semana!"
SEBASTIAO,sebastiao@emailbrokenia.com,"hoy comienza la mejor semana de tu vida, ¡feliz semana!"
ALEXANDRE,alexandre@emailbrokenia.com,"hoy comienza la mejor semana de tu vida, ¡feliz semana!"
ROBERTO,roberto@emailbrokenia.com,"hoy comienza la mejor semana de tu vida, ¡feliz semana!"
EDSON,edson@emailbrokenia.com,"hoy comienza la mejor semana de tu vida, ¡feliz semana!"
DIEGO,diego@emailbrokenia.com,"hoy comienza la mejor semana de tu vida, ¡feliz semana!"
VITOR,vitor@emailbrokenia.com,"hoy comienza la mejor semana de tu vida, ¡feliz semana!"
SERGIO,sergio@emailbrokenia.com,"hoy comienza la mejor semana de tu vida, ¡feliz semana!"
CLAUDIO,claudio@emailbrokenia.com,"hoy comienza la mejor semana de tu vida, ¡feliz semana!"
MATHEUS,matheus@emailbrokenia.com,"hoy comienza la mejor semana de tu vida, ¡feliz semana!"
THIAGO,thiago@emailbrokenia.com,"hoy comienza la mejor semana de tu vida, ¡feliz semana!"
GERALDO,geraldo@emailbrokenia.com,"hoy comienza la mejor semana de tu vida, ¡feliz semana!"
ADRIANO,adriano@emailbrokenia.com,"hoy comienza la mejor semana de tu vida, ¡feliz semana!"
LUCIANO,luciano@emailbrokenia.com,"hoy comienza la mejor semana de tu vida, ¡feliz semana!"
JULIO,julio@emailbrokenia.com,"hoy comienza la mejor semana de tu vida, ¡feliz semana!"
RENATO,renato@emailbrokenia.com,"hoy comienza la mejor semana de tu vida, ¡feliz semana!"
ALEX,alex@emailbrokenia.com,"hoy comienza la mejor semana de tu vida, ¡feliz semana!"
VINICIUS,vinicius@emailbrokenia.com,"hoy comienza la mejor semana de tu vida, ¡feliz semana!"
ROGERIO,rogerio@emailbrokenia.com,"hoy comienza la mejor semana de tu vida, ¡feliz semana!"
SAMUEL,samuel@emailbrokenia.com,"hoy comienza la mejor semana de tu vida, ¡feliz semana!"
RONALDO,ronaldo@emailbrokenia.com,"hoy comienza la mejor semana de tu vida, ¡feliz semana!"
MARIO,mario@emailbrokenia.com,"hoy comienza la mejor semana de tu vida, ¡feliz semana!"
FLAVIO,flavio@emailbrokenia.com,"hoy comienza la mejor semana de tu vida, ¡feliz semana!"
DOUGLAS,douglas@emailbrokenia.com,"hoy comienza la mejor semana de tu vida, ¡feliz semana!"
IGOR,igor@emailbrokenia.com,"hoy comienza la mejor semana de tu vida, ¡feliz semana!"
DAVI,davi@emailbrokenia.com,"hoy comienza la mejor semana de tu vida, ¡feliz semana!"
MANUEL,manuel@emailbrokenia.com,"hoy comienza la mejor semana de tu vida, ¡feliz semana!"
JEFERSON,jeferson@emailbrokenia.com,"hoy comienza la mejor semana de tu vida, ¡feliz semana!"
CICERO,cicero@emailbrokenia.com,"hoy comienza la mejor semana de tu vida, ¡feliz semana!"
VICTOR,victor@emailbrokenia.com,"hoy comienza la mejor semana de tu vida, ¡feliz semana!"
MIGUEL,miguel@emailbrokenia.com,"hoy comienza la mejor semana de tu vida, ¡feliz semana!"
ROBSON,robson@emailbrokenia.com,"hoy comienza la mejor semana de tu vida, ¡feliz semana!"
MAURICIO,mauricio@emailbrokenia.com,"hoy comienza la mejor semana de tu vida, ¡feliz semana!"
DANILO,danilo@emailbrokenia.com,"hoy comienza la mejor semana de tu vida, ¡feliz semana!"
HENRIQUE,henrique@emailbrokenia.com,"hoy comienza la mejor semana de tu vida, ¡feliz semana!"
CAIO,caio@emailbrokenia.com,"hoy comienza la mejor semana de tu vida, ¡feliz semana!"
REGINALDO,reginaldo@emailbrokenia.com,"hoy comienza la mejor semana de tu vida, ¡feliz semana!"
JOAQUIM,joaquim@emailbrokenia.com,"hoy comienza la mejor semana de tu vida, ¡feliz semana!"
BENEDITO,benedito@emailbrokenia.com,"hoy comienza la mejor semana de tu vida, ¡feliz semana!"
GILBERTO,gilberto@emailbrokenia.com,"hoy comienza la mejor semana de tu vida, ¡feliz semana!"
MARCO,marco@emailbrokenia.com,"hoy comienza la mejor semana de tu vida, ¡feliz semana!"
ALAN,alan@emailbrokenia.com,"hoy comienza la mejor semana de tu vida, ¡feliz semana!"
NELSON,nelson@emailbrokenia.com,"hoy comienza la mejor semana de tu vida, ¡feliz semana!"
CRISTIANO,cristiano@emailbrokenia.com,"hoy comienza la mejor semana de tu vida, ¡feliz semana!"
ELIAS,elias@emailbrokenia.com,"hoy comienza la mejor semana de tu vida, ¡feliz semana!"
WILSON,wilson@emailbrokenia.com,"hoy comienza la mejor semana de tu vida, ¡feliz semana!"
VALDIR,valdir@emailbrokenia.com,"hoy comienza la mejor semana de tu vida, ¡feliz semana!"
EMERSON,emerson@emailbrokenia.com,"hoy comienza la mejor semana de tu vida, ¡feliz semana!"
LUAN,luan@emailbrokenia.com,"hoy comienza la mejor semana de tu vida, ¡feliz semana!"
DAVID,david@emailbrokenia.com,"hoy comienza la mejor semana de tu vida, ¡feliz semana!"
RENAN,renan@emailbrokenia.com,"hoy comienza la mejor semana de tu vida, ¡feliz semana!"
SEVERINO,severino@emailbrokenia.com,"hoy comienza la mejor semana de tu vida, ¡feliz semana!"
FABRICIO,fabricio@emailbrokenia.com,"hoy comienza la mejor semana de tu vida, ¡feliz semana!"
MAURO,mauro@emailbrokenia.com,"hoy comienza la mejor semana de tu vida, ¡feliz semana!"
JONAS,jonas@emailbrokenia.com,"hoy comienza la mejor semana de tu vida, ¡feliz semana!"
GILMAR,gilmar@emailbrokenia.com,"hoy comienza la mejor semana de tu vida, ¡feliz semana!"
JEAN,jean@emailbrokenia.com,"hoy comienza la mejor semana de tu vida, ¡feliz semana!"
FABIANO,fabiano@emailbrokenia.com,"hoy comienza la mejor semana de tu vida, ¡feliz semana!"
WESLEY,wesley@emailbrokenia.com,"hoy comienza la mejor semana de tu vida, ¡feliz semana!"
DIOGO,diogo@emailbrokenia.com,"hoy comienza la mejor semana de tu vida, ¡feliz semana!"
ADILSON,adilson@emailbrokenia.com,"hoy comienza la mejor semana de tu vida, ¡feliz semana!"
JAIR,jair@emailbrokenia.com,"hoy comienza la mejor semana de tu vida, ¡feliz semana!"
ALESSANDRO,alessandro@emailbrokenia.com,"hoy comienza la mejor semana de tu vida, ¡feliz semana!"
EVERTON,everton@emailbrokenia.com,"hoy comienza la mejor semana de tu vida, ¡feliz semana!"
OSVALDO,osvaldo@emailbrokenia.com,"hoy comienza la mejor semana de tu vida, ¡feliz semana!"
GILSON,gilson@emailbrokenia.com,"hoy comienza la mejor semana de tu vida, ¡feliz semana!"
WILLIAN,willian@emailbrokenia.com,"hoy comienza la mejor semana de tu vida, ¡feliz semana!"
JOEL,joel@emailbrokenia.com,"hoy comienza la mejor semana de tu vida, ¡feliz semana!"
SILVIO,silvio@emailbrokenia.com,"hoy comienza la mejor semana de tu vida, ¡feliz semana!"
HELIO,helio@emailbrokenia.com,"hoy comienza la mejor semana de tu vida, ¡feliz semana!"
MAICON,maicon@emailbrokenia.com,"hoy comienza la mejor semana de tu vida, ¡feliz semana!"
REINALDO,reinaldo@emailbrokenia.com,"hoy comienza la mejor semana de tu vida, ¡feliz semana!"
PABLO,pablo@emailbrokenia.com,"hoy comienza la mejor semana de tu vida, ¡feliz semana!"
ARTUR,artur@emailbrokenia.com,"hoy comienza la mejor semana de tu vida, ¡feliz semana!"
VAGNER,vagner@emailbrokenia.com,"hoy comienza la mejor semana de tu vida, ¡feliz semana!"
VALTER,valter@emailbrokenia.com,"hoy comienza la mejor semana de tu vida, ¡feliz semana!"
CELSO,celso@emailbrokenia.com,"hoy comienza la mejor semana de tu vida, ¡feliz semana!"
IVAN,ivan@emailbrokenia.com,"hoy comienza la mejor semana de tu vida, ¡feliz semana!"
CLEITON,cleiton@emailbrokenia.com,"hoy comienza la mejor semana de tu vida, ¡feliz semana!"
VANDERLEI,vanderlei@emailbrokenia.com,"hoy comienza la mejor semana de tu vida, ¡feliz semana!"
VICENTE,vicente@emailbrokenia.com,"hoy comienza la mejor semana de tu vida, ¡feliz semana!"
ARTHUR,arthur@emailbrokenia.com,"hoy comienza la mejor semana de tu vida, ¡feliz semana!"
MILTON,milton@emailbrokenia.com,"hoy comienza la mejor semana de tu vida, ¡feliz semana!"
DOMINGOS,domingos@emailbrokenia.com,"hoy comienza la mejor semana de tu vida, ¡feliz semana!"
WAGNER,wagner@emailbrokenia.com,"hoy comienza la mejor semana de tu vida, ¡feliz semana!"
SANDRO,sandro@emailbrokenia.com,"hoy comienza la mejor semana de tu vida, ¡feliz semana!"
MOISES,moises@emailbrokenia.com,"hoy comienza la mejor semana de tu vida, ¡feliz semana!"
EDILSON,edilson@emailbrokenia.com,"hoy comienza la mejor semana de tu vida, ¡feliz semana!"
ADEMIR,ademir@emailbrokenia.com,"hoy comienza la mejor semana de tu vida, ¡feliz semana!"
ADAO,adao@emailbrokenia.com,"hoy comienza la mejor semana de tu vida, ¡feliz semana!"
EVANDRO,evandro@emailbrokenia.com,"hoy comienza la mejor semana de tu vida, ¡feliz semana!"
CESAR,cesar@emailbrokenia.com,"hoy comienza la mejor semana de tu vida, ¡feliz semana!"
VALMIR,valmir@emailbrokenia.com,"hoy comienza la mejor semana de tu vida, ¡feliz semana!"
MURILO,murilo@emailbrokenia.com,"hoy comienza la mejor semana de tu vida, ¡feliz semana!"
JULIANO,juliano@emailbrokenia.com,"hoy comienza la mejor semana de tu vida, ¡feliz semana!"
EDVALDO,edvaldo@emailbrokenia.com,"hoy comienza la mejor semana de tu vida, ¡feliz semana!"
AILTON,ailton@emailbrokenia.com,"hoy comienza la mejor semana de tu vida, ¡feliz semana!"
JUNIOR,junior@emailbrokenia.com,"hoy comienza la mejor semana de tu vida, ¡feliz semana!"
BRENO,breno@emailbrokenia.com,"hoy comienza la mejor semana de tu vida, ¡feliz semana!"
NICOLAS,nicolas@emailbrokenia.com,"hoy comienza la mejor semana de tu vida, ¡feliz semana!"
RUAN,ruan@emailbrokenia.com,"hoy comienza la mejor semana de tu vida, ¡feliz semana!"
ALBERTO,alberto@emailbrokenia.com,"hoy comienza la mejor semana de tu vida, ¡feliz semana!"
RUBENS,rubens@emailbrokenia.com,"hoy comienza la mejor semana de tu vida, ¡feliz semana!"
NILTON,nilton@emailbrokenia.com,"hoy comienza la mejor semana de tu vida, ¡feliz semana!"
AUGUSTO,augusto@emailbrokenia.com,"hoy comienza la mejor semana de tu vida, ¡feliz semana!"
CLEBER,cleber@emailbrokenia.com,"hoy comienza la mejor semana de tu vida, ¡feliz semana!"
OSMAR,osmar@emailbrokenia.com,"hoy comienza la mejor semana de tu vida, ¡feliz semana!"
NILSON,nilson@emailbrokenia.com,"hoy comienza la mejor semana de tu vida, ¡feliz semana!"
ORLANDO,orlando@emailbrokenia.com,"hoy comienza la mejor semana de tu vida, ¡feliz semana!"
HUGO,hugo@emailbrokenia.com,"hoy comienza la mejor semana de tu vida, ¡feliz semana!"
OTAVIO,otavio@emailbrokenia.com,"hoy comienza la mejor semana de tu vida, ¡feliz semana!"
VINICIOS,vinicios@emailbrokenia.com,"hoy comienza la mejor semana de tu vida, ¡feliz semana!"
ITALO,italo@emailbrokenia.com,"hoy comienza la mejor semana de tu vida, ¡feliz semana!"
WILIAN,wilian@emailbrokenia.com,"hoy comienza la mejor semana de tu vida, ¡feliz semana!"
ALISSON,alisson@emailbrokenia.com,"hoy comienza la mejor semana de tu vida, ¡feliz semana!"
APARECIDO,aparecido@emailbrokenia.com,"hoy comienza la mejor semana de tu vida, ¡feliz semana!"
ISRAEL,israel@emailbrokenia.com,"hoy comienza la mejor semana de tu vida, ¡feliz semana!"
EDMILSON,edmilson@emailbrokenia.com,"hoy comienza la mejor semana de tu vida, ¡feliz semana!"
JOSUE,josue@emailbrokenia.com,"hoy comienza la mejor semana de tu vida, ¡feliz semana!"
GERSON,gerson@emailbrokenia.com,"hoy comienza la mejor semana de tu vida, ¡feliz semana!"
CAUA,caua@emailbrokenia.com,"hoy comienza la mejor semana de tu vida, ¡feliz semana!"
SIDNEI,sidnei@emailbrokenia.com,"hoy comienza la mejor semana de tu vida, ¡feliz semana!"
EMANUEL,emanuel@emailbrokenia.com,"hoy comienza la mejor semana de tu vida, ¡feliz semana!"
VALDEMAR,valdemar@emailbrokenia.com,"hoy comienza la mejor semana de tu vida, ¡feliz semana!"
JAIME,jaime@emailbrokenia.com,"hoy comienza la mejor semana de tu vida, ¡feliz semana!"
EDIVALDO,edivaldo@emailbrokenia.com,"hoy comienza la mejor semana de tu vida, ¡feliz semana!"
ARNALDO,arnaldo@emailbrokenia.com,"hoy comienza la mejor semana de tu vida, ¡feliz semana!"
MOACIR,moacir@emailbrokenia.com,"hoy comienza la mejor semana de tu vida, ¡feliz semana!"
DAMIAO,damiao@emailbrokenia.com,"hoy comienza la mejor semana de tu vida, ¡feliz semana!"
ISMAEL,ismael@emailbrokenia.com,"hoy comienza la mejor semana de tu vida, ¡feliz semana!"
NIVALDO,nivaldo@emailbrokenia.com,"hoy comienza la mejor semana de tu vida, ¡feliz semana!"
JAIRO,jairo@emailbrokenia.com,"hoy comienza la mejor semana de tu vida, ¡feliz semana!"
ISAIAS,isaias@emailbrokenia.com,"hoy comienza la mejor semana de tu vida, ¡feliz semana!"
MICHEL,michel@emailbrokenia.com,"hoy comienza la mejor semana de tu vida, ¡feliz semana!"
ANGELO,angelo@emailbrokenia.com,"hoy comienza la mejor semana de tu vida, ¡feliz semana!"
CRISTIAN,cristian@emailbrokenia.com,"hoy comienza la mejor semana de tu vida, ¡feliz semana!"
WELLINGTON,wellington@emailbrokenia.com,"hoy comienza la mejor semana de tu vida, ¡feliz semana!"
ALEXANDRO,alexandro@emailbrokenia.com,"hoy comienza la mejor semana de tu vida, ¡feliz semana!"
VALDEMIR,valdemir@emailbrokenia.com,"hoy comienza la mejor semana de tu vida, ¡feliz semana!"
WANDERSON,wanderson@emailbrokenia.com,"hoy comienza la mejor semana de tu vida, ¡feliz semana!"
JAILSON,jailson@emailbrokenia.com,"hoy comienza la mejor semana de tu vida, ¡feliz semana!"
DENIS,denis@emailbrokenia.com,"hoy comienza la mejor semana de tu vida, ¡feliz semana!"
RIAN,rian@emailbrokenia.com,"hoy comienza la mejor semana de tu vida, ¡feliz semana!"
CELIO,celio@emailbrokenia.com,"hoy comienza la mejor semana de tu vida, ¡feliz semana!"
CLAUDINEI,claudinei@emailbrokenia.com,"hoy comienza la mejor semana de tu vida, ¡feliz semana!"
DENILSON,denilson@emailbrokenia.com,"hoy comienza la mejor semana de tu vida, ¡feliz semana!"
IAGO,iago@emailbrokenia.com,"hoy comienza la mejor semana de tu vida, ¡feliz semana!"
EDER,eder@emailbrokenia.com,"hoy comienza la mejor semana de tu vida, ¡feliz semana!"
YURI,yuri@emailbrokenia.com,"hoy comienza la mejor semana de tu vida, ¡feliz semana!"
CHARLES,charles@emailbrokenia.com,"hoy comienza la mejor semana de tu vida, ¡feliz semana!"
MARLON,marlon@emailbrokenia.com,"hoy comienza la mejor semana de tu vida, ¡feliz semana!"
ALISON,alison@emailbrokenia.com,"hoy comienza la mejor semana de tu vida, ¡feliz semana!"
JONATAN,jonatan@emailbrokenia.com,"hoy comienza la mejor semana de tu vida, ¡feliz semana!"
ERIC,eric@emailbrokenia.com,"hoy comienza la mejor semana de tu vida, ¡feliz semana!"
ELTON,elton@emailbrokenia.com,"hoy comienza la mejor semana de tu vida, ¡feliz semana!"
VALDECIR,valdecir@emailbrokenia.com,"hoy comienza la mejor semana de tu vida, ¡feliz semana!"
WESLEI,weslei@emailbrokenia.com,"hoy comienza la mejor semana de tu vida, ¡feliz semana!"
NATANAEL,natanael@emailbrokenia.com,"hoy comienza la mejor semana de tu vida, ¡feliz semana!"
ERICK,erick@emailbrokenia.com,"hoy comienza la mejor semana de tu vida, ¡feliz semana!"
AGNALDO,agnaldo@emailbrokenia.com,"hoy comienza la mejor semana de tu vida, ¡feliz semana!"
KAUAN,kauan@emailbrokenia.com,"hoy comienza la mejor semana de tu vida, ¡feliz semana!"
ODAIR,odair@emailbrokenia.com,"hoy comienza la mejor semana de tu vida, ¡feliz semana!"
WALTER,walter@emailbrokenia.com,"hoy comienza la mejor semana de tu vida, ¡feliz semana!"
ARLINDO,arlindo@emailbrokenia.com,"hoy comienza la mejor semana de tu vida, ¡feliz semana!"
MICHAEL,michael@emailbrokenia.com,"hoy comienza la mejor semana de tu vida, ¡feliz semana!"
ALVARO,alvaro@emailbrokenia.com,"hoy comienza la mejor semana de tu vida, ¡feliz semana!"
GEOVANE,geovane@emailbrokenia.com,"hoy comienza la mejor semana de tu vida, ¡feliz semana!"
EVERALDO,everaldo@emailbrokenia.com,"hoy comienza la mejor semana de tu vida, ¡feliz semana!"
EZEQUIEL,ezequiel@emailbrokenia.com,"hoy comienza la mejor semana de tu vida, ¡feliz semana!"
ALMIR,almir@emailbrokenia.com,"hoy comienza la mejor semana de tu vida, ¡feliz semana!"
IVO,ivo@emailbrokenia.com,"hoy comienza la mejor semana de tu vida, ¡feliz semana!"
ADEMAR,ademar@emailbrokenia.com,"hoy comienza la mejor semana de tu vida, ¡feliz semana!"
RAMON,ramon@emailbrokenia.com,"hoy comienza la mejor semana de tu vida, ¡feliz semana!"
VALDECI,valdeci@emailbrokenia.com,"hoy comienza la mejor semana de tu vida, ¡feliz semana!"
FILIPE,filipe@emailbrokenia.com,"hoy comienza la mejor semana de tu vida, ¡feliz semana!"
WILLIAM,william@emailbrokenia.com,"hoy comienza la mejor semana de tu vida, ¡feliz semana!"
JONATAS,jonatas@emailbrokenia.com,"hoy comienza la mejor semana de tu vida, ¡feliz semana!"
IVANILDO,ivanildo@emailbrokenia.com,"hoy comienza la mejor semana de tu vida, ¡feliz semana!"
ROMARIO,romario@emailbrokenia.com,"hoy comienza la mejor semana de tu vida, ¡feliz semana!"
JACKSON,jackson@emailbrokenia.com,"hoy comienza la mejor semana de tu vida, ¡feliz semana!"
GILVAN,gilvan@emailbrokenia.com,"hoy comienza la mejor semana de tu vida, ¡feliz semana!"
KAUA,kaua@emailbrokenia.com,"hoy comienza la mejor semana de tu vida, ¡feliz semana!"
JONATHAN,jonathan@emailbrokenia.com,"hoy comienza la mejor semana de tu vida, ¡feliz semana!"
ALFREDO,alfredo@emailbrokenia.com,"hoy comienza la mejor semana de tu vida, ¡feliz semana!"
NATAN,natan@emailbrokenia.com,"hoy comienza la mejor semana de tu vida, ¡feliz semana!"
RAUL,raul@emailbrokenia.com,"hoy comienza la mejor semana de tu vida, ¡feliz semana!"
BERNARDO,bernardo@emailbrokenia.com,"hoy comienza la mejor semana de tu vida, ¡feliz semana!"
JOSIAS,josias@emailbrokenia.com,"hoy comienza la mejor semana de tu vida, ¡feliz semana!"
RODOLFO,rodolfo@emailbrokenia.com,"hoy comienza la mejor semana de tu vida, ¡feliz semana!"
GEAN,gean@emailbrokenia.com,"hoy comienza la mejor semana de tu vida, ¡feliz semana!"
LAZARO,lazaro@emailbrokenia.com,"hoy comienza la mejor semana de tu vida, ¡feliz semana!"
LUCIO,lucio@emailbrokenia.com,"hoy comienza la mejor semana de tu vida, ¡feliz semana!"
JOSIMAR,josimar@emailbrokenia.com,"hoy comienza la mejor semana de tu vida, ¡feliz semana!"
VILMAR,vilmar@emailbrokenia.com,"hoy comienza la mejor semana de tu vida, ¡feliz semana!"
JEFFERSON,jefferson@emailbrokenia.com,"hoy comienza la mejor semana de tu vida, ¡feliz semana!"
ALCIDES,alcides@emailbrokenia.com,"hoy comienza la mejor semana de tu vida, ¡feliz semana!"
VALDOMIRO,valdomiro@emailbrokenia.com,"hoy comienza la mejor semana de tu vida, ¡feliz semana!"
ARMANDO,armando@emailbrokenia.com,"hoy comienza la mejor semana de tu vida, ¡feliz semana!"
ROMULO,romulo@emailbrokenia.com,"hoy comienza la mejor semana de tu vida, ¡feliz semana!"
CASSIO,cassio@emailbrokenia.com,"hoy comienza la mejor semana de tu vida, ¡feliz semana!"
EDNALDO,ednaldo@emailbrokenia.com,"hoy comienza la mejor semana de tu vida, ¡feliz semana!"
WELITON,weliton@emailbrokenia.com,"hoy comienza la mejor semana de tu vida, ¡feliz semana!"
AIRTON,airton@emailbrokenia.com,"hoy comienza la mejor semana de tu vida, ¡feliz semana!"
CLAUDEMIR,claudemir@emailbrokenia.com,"hoy comienza la mejor semana de tu vida, ¡feliz semana!"
WELINGTON,welington@emailbrokenia.com,"hoy comienza la mejor semana de tu vida, ¡feliz semana!"
CAIQUE,caique@emailbrokenia.com,"hoy comienza la mejor semana de tu vida, ¡feliz semana!"
RICHARD,richard@emailbrokenia.com,"hoy comienza la mejor semana de tu vida, ¡feliz semana!"
LAERCIO,laercio@emailbrokenia.com,"hoy comienza la mejor semana de tu vida, ¡feliz semana!"
PATRICK,patrick@emailbrokenia.com,"hoy comienza la mejor semana de tu vida, ¡feliz semana!"
AFONSO,afonso@emailbrokenia.com,"hoy comienza la mejor semana de tu vida, ¡feliz semana!"
CLOVIS,clovis@emailbrokenia.com,"hoy comienza la mejor semana de tu vida, ¡feliz semana!"
ADALBERTO,adalberto@emailbrokenia.com,"hoy comienza la mejor semana de tu vida, ¡feliz semana!"
EDMAR,edmar@emailbrokenia.com,"hoy comienza la mejor semana de tu vida, ¡feliz semana!"
ENZO,enzo@emailbrokenia.com,"hoy comienza la mejor semana de tu vida, ¡feliz semana!"
JURANDIR,jurandir@emailbrokenia.com,"hoy comienza la mejor semana de tu vida, ¡feliz semana!"
EDGAR,edgar@emailbrokenia.com,"hoy comienza la mejor semana de tu vida, ¡feliz semana!"
EDIMILSON,edimilson@emailbrokenia.com,"hoy comienza la mejor semana de tu vida, ¡feliz semana!"
MARIA,maria@emailbrokenia.com,"hoy comienza la mejor semana de tu vida, ¡feliz semana!"
ANA,ana@emailbrokenia.com,"hoy comienza la mejor semana de tu vida, ¡feliz semana!"
FRANCISCA,francisca@emailbrokenia.com,"hoy comienza la mejor semana de tu vida, ¡feliz semana!"
ANTONIA,antonia@emailbrokenia.com,"hoy comienza la mejor semana de tu vida, ¡feliz semana!"
ADRIANA,adriana@emailbrokenia.com,"hoy comienza la mejor semana de tu vida, ¡feliz semana!"
JULIANA,juliana@emailbrokenia.com,"hoy comienza la mejor semana de tu vida, ¡feliz semana!"
MARCIA,marcia@emailbrokenia.com,"hoy comienza la mejor semana de tu vida, ¡feliz semana!"
FERNANDA,fernanda@emailbrokenia.com,"hoy comienza la mejor semana de tu vida, ¡feliz semana!"
PATRICIA,patricia@emailbrokenia.com,"hoy comienza la mejor semana de tu vida, ¡feliz semana!"
ALINE,aline@emailbrokenia.com,"hoy comienza la mejor semana de tu vida, ¡feliz semana!"
SANDRA,sandra@emailbrokenia.com,"hoy comienza la mejor semana de tu vida, ¡feliz semana!"
CAMILA,camila@emailbrokenia.com,"hoy comienza la mejor semana de tu vida, ¡feliz semana!"
AMANDA,amanda@emailbrokenia.com,"hoy comienza la mejor semana de tu vida, ¡feliz semana!"
BRUNA,bruna@emailbrokenia.com,"hoy comienza la mejor semana de tu vida, ¡feliz semana!"
JESSICA,jessica@emailbrokenia.com,"hoy comienza la mejor semana de tu vida, ¡feliz semana!"
LETICIA,leticia@emailbrokenia.com,"hoy comienza la mejor semana de tu vida, ¡feliz semana!"
JULIA,julia@emailbrokenia.com,"hoy comienza la mejor semana de tu vida, ¡feliz semana!"
LUCIANA,luciana@emailbrokenia.com,"hoy comienza la mejor semana de tu vida, ¡feliz semana!"
VANESSA,vanessa@emailbrokenia.com,"hoy comienza la mejor semana de tu vida, ¡feliz semana!"
MARIANA,mariana@emailbrokenia.com,"hoy comienza la mejor semana de tu vida, ¡feliz semana!"
GABRIELA,gabriela@emailbrokenia.com,"hoy comienza la mejor semana de tu vida, ¡feliz semana!"
VERA,vera@emailbrokenia.com,"hoy comienza la mejor semana de tu vida, ¡feliz semana!"
VITORIA,vitoria@emailbrokenia.com,"hoy comienza la mejor semana de tu vida, ¡feliz semana!"
LARISSA,larissa@emailbrokenia.com,"hoy comienza la mejor semana de tu vida, ¡feliz semana!"
CLAUDIA,claudia@emailbrokenia.com,"hoy comienza la mejor semana de tu vida, ¡feliz semana!"
BEATRIZ,beatriz@emailbrokenia.com,"hoy comienza la mejor semana de tu vida, ¡feliz semana!"
RITA,rita@emailbrokenia.com,"hoy comienza la mejor semana de tu vida, ¡feliz semana!"
LUANA,luana@emailbrokenia.com,"hoy comienza la mejor semana de tu vida, ¡feliz semana!"
SONIA,sonia@emailbrokenia.com,"hoy comienza la mejor semana de tu vida, ¡feliz semana!"
RENATA,renata@emailbrokenia.com,"hoy comienza la mejor semana de tu vida, ¡feliz semana!"
ELIANE,eliane@emailbrokenia.com,"hoy comienza la mejor semana de tu vida, ¡feliz semana!"
JOSEFA,josefa@emailbrokenia.com,"hoy comienza la mejor semana de tu vida, ¡feliz semana!"
SIMONE,simone@emailbrokenia.com,"hoy comienza la mejor semana de tu vida, ¡feliz semana!"
NATALIA,natalia@emailbrokenia.com,"hoy comienza la mejor semana de tu vida, ¡feliz semana!"
CRISTIANE,cristiane@emailbrokenia.com,"hoy comienza la mejor semana de tu vida, ¡feliz semana!"
CARLA,carla@emailbrokenia.com,"hoy comienza la mejor semana de tu vida, ¡feliz semana!"
DEBORA,debora@emailbrokenia.com,"hoy comienza la mejor semana de tu vida, ¡feliz semana!"
ROSANGELA,rosangela@emailbrokenia.com,"hoy comienza la mejor semana de tu vida, ¡feliz semana!"
JAQUELINE,jaqueline@emailbrokenia.com,"hoy comienza la mejor semana de tu vida, ¡feliz semana!"
ROSA,rosa@emailbrokenia.com,"hoy comienza la mejor semana de tu vida, ¡feliz semana!"
APARECIDA,aparecida@emailbrokenia.com,"hoy comienza la mejor semana de tu vida, ¡feliz semana!"
DANIELA,daniela@emailbrokenia.com,"hoy comienza la mejor semana de tu vida, ¡feliz semana!"
MARLENE,marlene@emailbrokenia.com,"hoy comienza la mejor semana de tu vida, ¡feliz semana!"
TEREZINHA,terezinha@emailbrokenia.com,"hoy comienza la mejor semana de tu vida, ¡feliz semana!"
RAIMUNDA,raimunda@emailbrokenia.com,"hoy comienza la mejor semana de tu vida, ¡feliz semana!"
ANDREIA,andreia@emailbrokenia.com,"hoy comienza la mejor semana de tu vida, ¡feliz semana!"
FABIANA,fabiana@emailbrokenia.com,"hoy comienza la mejor semana de tu vida, ¡feliz semana!"
LUCIA,lucia@emailbrokenia.com,"hoy comienza la mejor semana de tu vida, ¡feliz semana!"
RAQUEL,raquel@emailbrokenia.com,"hoy comienza la mejor semana de tu vida, ¡feliz semana!"
ANGELA,angela@emailbrokenia.com,"hoy comienza la mejor semana de tu vida, ¡feliz semana!"
RAFAELA,rafaela@emailbrokenia.com,"hoy comienza la mejor semana de tu vida, ¡feliz semana!"
JOANA,joana@emailbrokenia.com,"hoy comienza la mejor semana de tu vida, ¡feliz semana!"
LUZIA,luzia@emailbrokenia.com,"hoy comienza la mejor semana de tu vida, ¡feliz semana!"
ELAINE,elaine@emailbrokenia.com,"hoy comienza la mejor semana de tu vida, ¡feliz semana!"
REGINA,regina@emailbrokenia.com,"hoy comienza la mejor semana de tu vida, ¡feliz semana!"
DANIELE,daniele@emailbrokenia.com,"hoy comienza la mejor semana de tu vida, ¡feliz semana!"
SUELI,sueli@emailbrokenia.com,"hoy comienza la mejor semana de tu vida, ¡feliz semana!"
DAIANE,daiane@emailbrokenia.com,"hoy comienza la mejor semana de tu vida, ¡feliz semana!"
ALESSANDRA,alessandra@emailbrokenia.com,"hoy comienza la mejor semana de tu vida, ¡feliz semana!"
ISABEL,isabel@emailbrokenia.com,"hoy comienza la mejor semana de tu vida, ¡feliz semana!"
SARA,sara@emailbrokenia.com,"hoy comienza la mejor semana de tu vida, ¡feliz semana!"
BIANCA,bianca@emailbrokenia.com,"hoy comienza la mejor semana de tu vida, ¡feliz semana!"
FLAVIA,flavia@emailbrokenia.com,"hoy comienza la mejor semana de tu vida, ¡feliz semana!"
ERICA,erica@emailbrokenia.com,"hoy comienza la mejor semana de tu vida, ¡feliz semana!"
VIVIANE,viviane@emailbrokenia.com,"hoy comienza la mejor semana de tu vida, ¡feliz semana!"
SILVANA,silvana@emailbrokenia.com,"hoy comienza la mejor semana de tu vida, ¡feliz semana!"
PRISCILA,priscila@emailbrokenia.com,"hoy comienza la mejor semana de tu vida, ¡feliz semana!"
PAULA,paula@emailbrokenia.com,"hoy comienza la mejor semana de tu vida, ¡feliz semana!"
LUIZA,luiza@emailbrokenia.com,"hoy comienza la mejor semana de tu vida, ¡feliz semana!"
TEREZA,tereza@emailbrokenia.com,"hoy comienza la mejor semana de tu vida, ¡feliz semana!"
ISABELA,isabela@emailbrokenia.com,"hoy comienza la mejor semana de tu vida, ¡feliz semana!"
MARTA,marta@emailbrokenia.com,"hoy comienza la mejor semana de tu vida, ¡feliz semana!"
CAROLINE,caroline@emailbrokenia.com,"hoy comienza la mejor semana de tu vida, ¡feliz semana!"
JANAINA,janaina@emailbrokenia.com,"hoy comienza la mejor semana de tu vida, ¡feliz semana!"
LAURA,laura@emailbrokenia.com,"hoy comienza la mejor semana de tu vida, ¡feliz semana!"
MARLI,marli@emailbrokenia.com,"hoy comienza la mejor semana de tu vida, ¡feliz semana!"
TATIANE,tatiane@emailbrokenia.com,"hoy comienza la mejor semana de tu vida, ¡feliz semana!"
MARINA,marina@emailbrokenia.com,"hoy comienza la mejor semana de tu vida, ¡feliz semana!"
SILVIA,silvia@emailbrokenia.com,"hoy comienza la mejor semana de tu vida, ¡feliz semana!"
MONICA,monica@emailbrokenia.com,"hoy comienza la mejor semana de tu vida, ¡feliz semana!"
TAIS,tais@emailbrokenia.com,"hoy comienza la mejor semana de tu vida, ¡feliz semana!"
MICHELE,michele@emailbrokenia.com,"hoy comienza la mejor semana de tu vida, ¡feliz semana!"
SOLANGE,solange@emailbrokenia.com,"hoy comienza la mejor semana de tu vida, ¡feliz semana!"
EDNA,edna@emailbrokenia.com,"hoy comienza la mejor semana de tu vida, ¡feliz semana!"
FATIMA,fatima@emailbrokenia.com,"hoy comienza la mejor semana de tu vida, ¡feliz semana!"
HELENA,helena@emailbrokenia.com,"hoy comienza la mejor semana de tu vida, ¡feliz semana!"
CRISTINA,cristina@emailbrokenia.com,"hoy comienza la mejor semana de tu vida, ¡feliz semana!"
ALICE,alice@emailbrokenia.com,"hoy comienza la mejor semana de tu vida, ¡feliz semana!"
CAROLINA,carolina@emailbrokenia.com,"hoy comienza la mejor semana de tu vida, ¡feliz semana!"
ROSANA,rosana@emailbrokenia.com,"hoy comienza la mejor semana de tu vida, ¡feliz semana!"
ANDRESSA,andressa@emailbrokenia.com,"hoy comienza la mejor semana de tu vida, ¡feliz semana!"
CELIA,celia@emailbrokenia.com,"hoy comienza la mejor semana de tu vida, ¡feliz semana!"
VALERIA,valeria@emailbrokenia.com,"hoy comienza la mejor semana de tu vida, ¡feliz semana!"
ELIANA,eliana@emailbrokenia.com,"hoy comienza la mejor semana de tu vida, ¡feliz semana!"
SABRINA,sabrina@emailbrokenia.com,"hoy comienza la mejor semana de tu vida, ¡feliz semana!"
ANDREA,andrea@emailbrokenia.com,"hoy comienza la mejor semana de tu vida, ¡feliz semana!"
TANIA,tania@emailbrokenia.com,"hoy comienza la mejor semana de tu vida, ¡feliz semana!"
BARBARA,barbara@emailbrokenia.com,"hoy comienza la mejor semana de tu vida, ¡feliz semana!"
THAIS,thais@emailbrokenia.com,"hoy comienza la mejor semana de tu vida, ¡feliz semana!"
DENISE,denise@emailbrokenia.com,"hoy comienza la mejor semana de tu vida, ¡feliz semana!"
ROSELI,roseli@emailbrokenia.com,"hoy comienza la mejor semana de tu vida, ¡feliz semana!"
GISELE,gisele@emailbrokenia.com,"hoy comienza la mejor semana de tu vida, ¡feliz semana!"
MARILENE,marilene@emailbrokenia.com,"hoy comienza la mejor semana de tu vida, ¡feliz semana!"
KATIA,katia@emailbrokenia.com,"hoy comienza la mejor semana de tu vida, ¡feliz semana!"
EVA,eva@emailbrokenia.com,"hoy comienza la mejor semana de tu vida, ¡feliz semana!"
MILENA,milena@emailbrokenia.com,"hoy comienza la mejor semana de tu vida, ¡feliz semana!"
EDUARDA,eduarda@emailbrokenia.com,"hoy comienza la mejor semana de tu vida, ¡feliz semana!"
ELISANGELA,elisangela@emailbrokenia.com,"hoy comienza la mejor semana de tu vida, ¡feliz semana!"
VILMA,vilma@emailbrokenia.com,"hoy comienza la mejor semana de tu vida, ¡feliz semana!"
GEOVANA,geovana@emailbrokenia.com,"hoy comienza la mejor semana de tu vida, ¡feliz semana!"
LUCIENE,luciene@emailbrokenia.com,"hoy comienza la mejor semana de tu vida, ¡feliz semana!"
TAMIRES,tamires@emailbrokenia.com,"hoy comienza la mejor semana de tu vida, ¡feliz semana!"
TATIANA,tatiana@emailbrokenia.com,"hoy comienza la mejor semana de tu vida, ¡feliz semana!"
ROBERTA,roberta@emailbrokenia.com,"hoy comienza la mejor semana de tu vida, ¡feliz semana!"
ELZA,elza@emailbrokenia.com,"hoy comienza la mejor semana de tu vida, ¡feliz semana!"
TALITA,talita@emailbrokenia.com,"hoy comienza la mejor semana de tu vida, ¡feliz semana!"
MARCELA,marcela@emailbrokenia.com,"hoy comienza la mejor semana de tu vida, ¡feliz semana!"
PAMELA,pamela@emailbrokenia.com,"hoy comienza la mejor semana de tu vida, ¡feliz semana!"
VANIA,vania@emailbrokenia.com,"hoy comienza la mejor semana de tu vida, ¡feliz semana!"
IRENE,irene@emailbrokenia.com,"hoy comienza la mejor semana de tu vida, ¡feliz semana!"
JOSIANE,josiane@emailbrokenia.com,"hoy comienza la mejor semana de tu vida, ¡feliz semana!"
LIVIA,livia@emailbrokenia.com,"hoy comienza la mejor semana de tu vida, ¡feliz semana!"
CINTIA,cintia@emailbrokenia.com,"hoy comienza la mejor semana de tu vida, ¡feliz semana!"
IVONE,ivone@emailbrokenia.com,"hoy comienza la mejor semana de tu vida, ¡feliz semana!"
LAIS,lais@emailbrokenia.com,"hoy comienza la mejor semana de tu vida, ¡feliz semana!"
BENEDITA,benedita@emailbrokenia.com,"hoy comienza la mejor semana de tu vida, ¡feliz semana!"
SEBASTIANA,sebastiana@emailbrokenia.com,"hoy comienza la mejor semana de tu vida, ¡feliz semana!"
TAINA,taina@emailbrokenia.com,"hoy comienza la mejor semana de tu vida, ¡feliz semana!"
JOICE,joice@emailbrokenia.com,"hoy comienza la mejor semana de tu vida, ¡feliz semana!"
MIRIAN,mirian@emailbrokenia.com,"hoy comienza la mejor semana de tu vida, ¡feliz semana!"
ELIZABETE,elizabete@emailbrokenia.com,"hoy comienza la mejor semana de tu vida, ¡feliz semana!"
ANGELICA,angelica@emailbrokenia.com,"hoy comienza la mejor semana de tu vida, ¡feliz semana!"
GABRIELE,gabriele@emailbrokenia.com,"hoy comienza la mejor semana de tu vida, ¡feliz semana!"
BRENDA,brenda@emailbrokenia.com,"hoy comienza la mejor semana de tu vida, ¡feliz semana!"
VERONICA,veronica@emailbrokenia.com,"hoy comienza la mejor semana de tu vida, ¡feliz semana!"
ROSILENE,rosilene@emailbrokenia.com,"hoy comienza la mejor semana de tu vida, ¡feliz semana!"
KARINA,karina@emailbrokenia.com,"hoy comienza la mejor semana de tu vida, ¡feliz semana!"
NAIR,nair@emailbrokenia.com,"hoy comienza la mejor semana de tu vida, ¡feliz semana!"
NEUSA,neusa@emailbrokenia.com,"hoy comienza la mejor semana de tu vida, ¡feliz semana!"
MARGARIDA,margarida@emailbrokenia.com,"hoy comienza la mejor semana de tu vida, ¡feliz semana!"
NEUZA,neuza@emailbrokenia.com,"hoy comienza la mejor semana de tu vida, ¡feliz semana!"
NEIDE,neide@emailbrokenia.com,"hoy comienza la mejor semana de tu vida, ¡feliz semana!"
RAISSA,raissa@emailbrokenia.com,"hoy comienza la mejor semana de tu vida, ¡feliz semana!"
MAIARA,maiara@emailbrokenia.com,"hoy comienza la mejor semana de tu vida, ¡feliz semana!"
LORENA,lorena@emailbrokenia.com,"hoy comienza la mejor semana de tu vida, ¡feliz semana!"
FRANCIELE,franciele@emailbrokenia.com,"hoy comienza la mejor semana de tu vida, ¡feliz semana!"
SAMARA,samara@emailbrokenia.com,"hoy comienza la mejor semana de tu vida, ¡feliz semana!"
LILIAN,lilian@emailbrokenia.com,"hoy comienza la mejor semana de tu vida, ¡feliz semana!"
JANETE,janete@emailbrokenia.com,"hoy comienza la mejor semana de tu vida, ¡feliz semana!"
CICERA,cicera@emailbrokenia.com,"hoy comienza la mejor semana de tu vida, ¡feliz semana!"
GIOVANA,giovana@emailbrokenia.com,"hoy comienza la mejor semana de tu vida, ¡feliz semana!"
SEVERINA,severina@emailbrokenia.com,"hoy comienza la mejor semana de tu vida, ¡feliz semana!"
LARA,lara@emailbrokenia.com,"hoy comienza la mejor semana de tu vida, ¡feliz semana!"
CLEIDE,cleide@emailbrokenia.com,"hoy comienza la mejor semana de tu vida, ¡feliz semana!"
NICOLE,nicole@emailbrokenia.com,"hoy comienza la mejor semana de tu vida, ¡feliz semana!"
CECILIA,cecilia@emailbrokenia.com,"hoy comienza la mejor semana de tu vida, ¡feliz semana!"
YASMIN,yasmin@emailbrokenia.com,"hoy comienza la mejor semana de tu vida, ¡feliz semana!"
CONCEICAO,conceicao@emailbrokenia.com,"hoy comienza la mejor semana de tu vida, ¡feliz semana!"
INGRID,ingrid@emailbrokenia.com,"hoy comienza la mejor semana de tu vida, ¡feliz semana!"
SELMA,selma@emailbrokenia.com,"hoy comienza la mejor semana de tu vida, ¡feliz semana!"
LEILA,leila@emailbrokenia.com,"hoy comienza la mejor semana de tu vida, ¡feliz semana!"
RAIANE,raiane@emailbrokenia.com,"hoy comienza la mejor semana de tu vida, ¡feliz semana!"
ESTER,ester@emailbrokenia.com,"hoy comienza la mejor semana de tu vida, ¡feliz semana!"
REGIANE,regiane@emailbrokenia.com,"hoy comienza la mejor semana de tu vida, ¡feliz semana!"
MARISA,marisa@emailbrokenia.com,"hoy comienza la mejor semana de tu vida, ¡feliz semana!"
EUNICE,eunice@emailbrokenia.com,"hoy comienza la mejor semana de tu vida, ¡feliz semana!"
KELLY,kelly@emailbrokenia.com,"hoy comienza la mejor semana de tu vida, ¡feliz semana!"
TAINARA,tainara@emailbrokenia.com,"hoy comienza la mejor semana de tu vida, ¡feliz semana!"
IARA,iara@emailbrokenia.com,"hoy comienza la mejor semana de tu vida, ¡feliz semana!"
JOELMA,joelma@emailbrokenia.com,"hoy comienza la mejor semana de tu vida, ¡feliz semana!"
MARINALVA,marinalva@emailbrokenia.com,"hoy comienza la mejor semana de tu vida, ¡feliz semana!"
TERESINHA,teresinha@emailbrokenia.com,"hoy comienza la mejor semana de tu vida, ¡feliz semana!"
REBECA,rebeca@emailbrokenia.com,"hoy comienza la mejor semana de tu vida, ¡feliz semana!"
GERALDA,geralda@emailbrokenia.com,"hoy comienza la mejor semana de tu vida, ¡feliz semana!"
CLEONICE,cleonice@emailbrokenia.com,"hoy comienza la mejor semana de tu vida, ¡feliz semana!"
ALEXANDRA,alexandra@emailbrokenia.com,"hoy comienza la mejor semana de tu vida, ¡feliz semana!"
MARA,mara@emailbrokenia.com,"hoy comienza la mejor semana de tu vida, ¡feliz semana!"
JENIFER,jenifer@emailbrokenia.com,"hoy comienza la mejor semana de tu vida, ¡feliz semana!"
ELIZANGELA,elizangela@emailbrokenia.com,"hoy comienza la mejor semana de tu vida, ¡feliz semana!"
LILIANE,liliane@emailbrokenia.com,"hoy comienza la mejor semana de tu vida, ¡feliz semana!"
LIDIA,lidia@emailbrokenia.com,"hoy comienza la mejor semana de tu vida, ¡feliz semana!"
IRACEMA,iracema@emailbrokenia.com,"hoy comienza la mejor semana de tu vida, ¡feliz semana!"
LIDIANE,lidiane@emailbrokenia.com,"hoy comienza la mejor semana de tu vida, ¡feliz semana!"
IRACI,iraci@emailbrokenia.com,"hoy comienza la mejor semana de tu vida, ¡feliz semana!"
MARILIA,marilia@emailbrokenia.com,"hoy comienza la mejor semana de tu vida, ¡feliz semana!"
SHEILA,sheila@emailbrokenia.com,"hoy comienza la mejor semana de tu vida, ¡feliz semana!"
INES,ines@emailbrokenia.com,"hoy comienza la mejor semana de tu vida, ¡feliz semana!"
NAIARA,naiara@emailbrokenia.com,"hoy comienza la mejor semana de tu vida, ¡feliz semana!"
POLIANA,poliana@emailbrokenia.com,"hoy comienza la mejor semana de tu vida, ¡feliz semana!"
DALVA,dalva@emailbrokenia.com,"hoy comienza la mejor semana de tu vida, ¡feliz semana!"
LURDES,lurdes@emailbrokenia.com,"hoy comienza la mejor semana de tu vida, ¡feliz semana!"
TERESA,teresa@emailbrokenia.com,"hoy comienza la mejor semana de tu vida, ¡feliz semana!"
ZILDA,zilda@emailbrokenia.com,"hoy comienza la mejor semana de tu vida, ¡feliz semana!"
LUCILENE,lucilene@emailbrokenia.com,"hoy comienza la mejor semana de tu vida, ¡feliz semana!"
CLARA,clara@emailbrokenia.com,"hoy comienza la mejor semana de tu vida, ¡feliz semana!"
ROSANE,rosane@emailbrokenia.com,"hoy comienza la mejor semana de tu vida, ¡feliz semana!"
IVONETE,ivonete@emailbrokenia.com,"hoy comienza la mejor semana de tu vida, ¡feliz semana!"
LUCIANE,luciane@emailbrokenia.com,"hoy comienza la mejor semana de tu vida, ¡feliz semana!"
ISADORA,isadora@emailbrokenia.com,"hoy comienza la mejor semana de tu vida, ¡feliz semana!"
NILZA,nilza@emailbrokenia.com,"hoy comienza la mejor semana de tu vida, ¡feliz semana!"
PALOMA,paloma@emailbrokenia.com,"hoy comienza la mejor semana de tu vida, ¡feliz semana!"
CARMEM,carmem@emailbrokenia.com,"hoy comienza la mejor semana de tu vida, ¡feliz semana!"
SUELEN,suelen@emailbrokenia.com,"hoy comienza la mejor semana de tu vida, ¡feliz semana!"
ROSIMEIRE,rosimeire@emailbrokenia.com,"hoy comienza la mejor semana de tu vida, ¡feliz semana!"
CLEUSA,cleusa@emailbrokenia.com,"hoy comienza la mejor semana de tu vida, ¡feliz semana!"
VANDA,vanda@emailbrokenia.com,"hoy comienza la mejor semana de tu vida, ¡feliz semana!"
ILDA,ilda@emailbrokenia.com,"hoy comienza la mejor semana de tu vida, ¡feliz semana!"
JANE,jane@emailbrokenia.com,"hoy comienza la mejor semana de tu vida, ¡feliz semana!"
ELIENE,eliene@emailbrokenia.com,"hoy comienza la mejor semana de tu vida, ¡feliz semana!"
MAYARA,mayara@emailbrokenia.com,"hoy comienza la mejor semana de tu vida, ¡feliz semana!"
DIANA,diana@emailbrokenia.com,"hoy comienza la mejor semana de tu vida, ¡feliz semana!"
SOFIA,sofia@emailbrokenia.com,"hoy comienza la mejor semana de tu vida, ¡feliz semana!"
ARIANE,ariane@emailbrokenia.com,"hoy comienza la mejor semana de tu vida, ¡feliz semana!"
SUZANA,suzana@emailbrokenia.com,"hoy comienza la mejor semana de tu vida, ¡feliz semana!"
MARIANE,mariane@emailbrokenia.com,"hoy comienza la mejor semana de tu vida, ¡feliz semana!"
CLARICE,clarice@emailbrokenia.com,"hoy comienza la mejor semana de tu vida, ¡feliz semana!"
DAIANA,daiana@emailbrokenia.com,"hoy comienza la mejor semana de tu vida, ¡feliz semana!"
EDILENE,edilene@emailbrokenia.com,"hoy comienza la mejor semana de tu vida, ¡feliz semana!"
MIRIAM,miriam@emailbrokenia.com,"hoy comienza la mejor semana de tu vida, ¡feliz semana!"
ELISABETE,elisabete@emailbrokenia.com,"hoy comienza la mejor semana de tu vida, ¡feliz semana!"
ELIETE,eliete@emailbrokenia.com,"hoy comienza la mejor semana de tu vida, ¡feliz semana!"
KARINE,karine@emailbrokenia.com,"hoy comienza la mejor semana de tu vida, ¡feliz semana!"
JUSSARA,jussara@emailbrokenia.com,"hoy comienza la mejor semana de tu vida, ¡feliz semana!"
IZABEL,izabel@emailbrokenia.com,"hoy comienza la mejor semana de tu vida, ¡feliz semana!"
ODETE,odete@emailbrokenia.com,"hoy comienza la mejor semana de tu vida, ¡feliz semana!"
KAREN,karen@emailbrokenia.com,"hoy comienza la mejor semana de tu vida, ¡feliz semana!"
LUISA,luisa@emailbrokenia.com,"hoy comienza la mejor semana de tu vida, ¡feliz semana!"
CASSIA,cassia@emailbrokenia.com,"hoy comienza la mejor semana de tu vida, ¡feliz semana!"
ALANA,alana@emailbrokenia.com,"hoy comienza la mejor semana de tu vida, ¡feliz semana!"
MONIQUE,monique@emailbrokenia.com,"hoy comienza la mejor semana de tu vida, ¡feliz semana!"
CATIA,catia@emailbrokenia.com,"hoy comienza la mejor semana de tu vida, ¡feliz semana!"
LUCIMAR,lucimar@emailbrokenia.com,"hoy comienza la mejor semana de tu vida, ¡feliz semana!"
DEISE,deise@emailbrokenia.com,"hoy comienza la mejor semana de tu vida, ¡feliz semana!"
ISABELE,isabele@emailbrokenia.com,"hoy comienza la mejor semana de tu vida, ¡feliz semana!"
KEILA,keila@emailbrokenia.com,"hoy comienza la mejor semana de tu vida, ¡feliz semana!"
EVELIN,evelin@emailbrokenia.com,"hoy comienza la mejor semana de tu vida, ¡feliz semana!"
ANDREZA,andreza@emailbrokenia.com,"hoy comienza la mejor semana de tu vida, ¡feliz semana!"
ADRIELE,adriele@emailbrokenia.com,"hoy comienza la mejor semana de tu vida, ¡feliz semana!"
JOSEANE,joseane@emailbrokenia.com,"hoy comienza la mejor semana de tu vida, ¡feliz semana!"
LOURDES,lourdes@emailbrokenia.com,"hoy comienza la mejor semana de tu vida, ¡feliz semana!"
YASMIM,yasmim@emailbrokenia.com,"hoy comienza la mejor semana de tu vida, ¡feliz semana!"
ALZIRA,alzira@emailbrokenia.com,"hoy comienza la mejor semana de tu vida, ¡feliz semana!"
CARINA,carina@emailbrokenia.com,"hoy comienza la mejor semana de tu vida, ¡feliz semana!"
ERIKA,erika@emailbrokenia.com,"hoy comienza la mejor semana de tu vida, ¡feliz semana!"
GISLAINE,gislaine@emailbrokenia.com,"hoy comienza la mejor semana de tu vida, ¡feliz semana!"
EMILY,emily@emailbrokenia.com,"hoy comienza la mejor semana de tu vida, ¡feliz semana!"
JAMILE,jamile@emailbrokenia.com,"hoy comienza la mejor semana de tu vida, ¡feliz semana!"
CLAUDETE,claudete@emailbrokenia.com,"hoy comienza la mejor semana de tu vida, ¡feliz semana!"
CATARINA,catarina@emailbrokenia.com,"hoy comienza la mejor semana de tu vida, ¡feliz semana!"
GESSICA,gessica@emailbrokenia.com,"hoy comienza la mejor semana de tu vida, ¡feliz semana!"
