nombre,email,mensaje,fecha_nacimiento
JOSE,jose@emailbrokenia.com,"hoy comienza la mejor semana de tu vida, ¡feliz semana!",1952-03-12
JOAO,joao@emailbrokenia.com,"hoy comienza la mejor semana de tu vida, ¡feliz semana!",1960-08-12
ANTONIO,antonio@emailbrokenia.com,"hoy comienza la mejor semana de tu vida, ¡feliz semana!",2001-04-18
FRANCISCO,francisco@emailbrokenia.com,"hoy comienza la mejor semana de tu vida, ¡feliz semana!",1988-06-14
CARLOS,carlos@emailbrokenia.com,"hoy comienza la mejor semana de tu vida, ¡feliz semana!",1986-12-15
PAULO,paulo@emailbrokenia.com,"hoy comienza la mejor semana de tu vida, ¡feliz semana!",2003-08-20
PEDRO,pedro@emailbrokenia.com,"hoy comienza la mejor semana de tu vida, ¡feliz semana!",1974-07-22
LUCAS,lucas@emailbrokenia.com,"hoy comienza la mejor semana de tu vida, ¡feliz semana!",1989-03-13
LUIZ,luiz@emailbrokenia.com,"hoy comienza la mejor semana de tu vida, ¡feliz semana!",1961-04-10
MARCOS,marcos@emailbrokenia.com,"hoy comienza la mejor semana de tu vida, ¡feliz semana!",1984-05-06
LUIS,luis@emailbrokenia.com,"hoy comienza la mejor semana de tu vida, ¡feliz semana!",1972-02-12
GABRIEL,gabriel@emailbrokenia.com,"hoy comienza la mejor semana de tu vida, ¡feliz semana!",1985-01-31
RAFAEL,rafael@emailbrokenia.com,"hoy comienza la mejor semana de tu vida, ¡feliz semana!",2005-12-20
DANIEL,daniel@emailbrokenia.com,"hoy comienza la mejor semana de tu vida, ¡feliz semana!",1989-04-06
MARCELO,marcelo@emailbrokenia.com,"hoy comienza la mejor semana de tu vida, ¡feliz semana!",1959-11-18
BRUNO,bruno@emailbrokenia.com,"hoy comienza la mejor semana de tu vida, ¡feliz semana!",1994-01-13
EDUARDO,eduardo@emailbrokenia.com,"hoy comienza la mejor semana de tu vida, ¡feliz semana!",1963-11-27
FELIPE,felipe@emailbrokenia.com,"hoy comienza la mejor semana de tu vida, ¡feliz semana!",1980-03-06
RAIMUNDO,raimundo@emailbrokenia.com,"hoy comienza la mejor semana de tu vida, ¡feliz semana!",1995-06-08
RODRIGO,rodrigo@emailbrokenia.com,"hoy comienza la mejor semana de tu vida, ¡feliz semana!",1967-01-30
MANOEL,manoel@emailbrokenia.com,"hoy comienza la mejor semana de tu vida, ¡feliz semana!",1973-06-30
MATEUS,mateus@emailbrokenia.com,"hoy comienza la mejor semana de tu vida, ¡feliz semana!",1977-08-11
ANDRE,andre@emailbrokenia.com,"hoy comienza la mejor semana de tu vida, ¡feliz semana!",1987-10-09
FERNANDO,fernando@emailbrokenia.com,"hoy comienza la mejor semana de tu vida, ¡feliz semana!",1958-12-17
FABIO,fabio@emailbrokenia.com,"hoy comienza la mejor semana de tu vida, ¡feliz semana!",1970-08-06
LEONARDO,leonardo@emailbrokenia.com,"hoy comienza la mejor semana de tu vida, ¡feliz semana!",1960-12-31
GUSTAVO,gustavo@emailbrokenia.com,"hoy comienza la mejor semana de tu vida, ¡feliz semana!",1988-09-12
GUILHERME,guilherme@emailbrokenia.com,"hoy comienza la mejor semana de tu vida, ¡feliz semana!",1979-02-16
LEANDRO,leandro@emailbrokenia.com,"hoy comienza la mejor semana de tu vida, ¡feliz semana!",1959-07-20
TIAGO,tiago@emailbrokenia.com,"hoy comienza la mejor semana de tu vida, ¡feliz semana!",1974-09-21
ANDERSON,anderson@emailbrokenia.com,"hoy comienza la mejor semana de tu vida, ¡feliz semana!",1999-09-18
RICARDO,ricardo@emailbrokenia.com,"hoy comienza la mejor semana de tu vida, ¡feliz semana!",1977-09-08
MARCIO,marcio@emailbrokenia.com,"hoy comienza la mejor semana de tu vida, ¡feliz semana!",1983-02-13
JORGE,jorge@emailbrokenia.com,"hoy comienza la mejor semana de tu vida, ¡feliz semana!",1987-05-01
SEBASTIAO,sebastiao@emailbrokenia.com,"hoy comienza la mejor semana de tu vida, ¡feliz semana!",1997-07-07
ALEXANDRE,alexandre@emailbrokenia.com,"hoy comienza la mejor semana de tu vida, ¡feliz semana!",1958-11-21
ROBERTO,roberto@emailbrokenia.com,"hoy comienza la mejor semana de tu vida, ¡feliz semana!",1958-10-28
EDSON,edson@emailbrokenia.com,"hoy comienza la mejor semana de tu vida, ¡feliz semana!",1993-01-16
DIEGO,diego@emailbrokenia.com,"hoy comienza la mejor semana de tu vida, ¡feliz semana!",1999-12-24
VITOR,vitor@emailbrokenia.com,"hoy comienza la mejor semana de tu vida, ¡feliz semana!",1979-01-13
SERGIO,sergio@emailbrokenia.com,"hoy comienza la mejor semana de tu vida, ¡feliz semana!",1972-07-30
CLAUDIO,claudio@emailbrokenia.com,"hoy comienza la mejor semana de tu vida, ¡feliz semana!",1983-05-08
MATHEUS,matheus@emailbrokenia.com,"hoy comienza la mejor semana de tu vida, ¡feliz semana!",1989-06-04
THIAGO,thiago@emailbrokenia.com,"hoy comienza la mejor semana de tu vida, ¡feliz semana!",1976-12-13
GERALDO,geraldo@emailbrokenia.com,"hoy comienza la mejor semana de tu vida, ¡feliz semana!",1998-03-20
ADRIANO,adriano@emailbrokenia.com,"hoy comienza la mejor semana de tu vida, ¡feliz semana!",1992-10-20
LUCIANO,luciano@emailbrokenia.com,"hoy comienza la mejor semana de tu vida, ¡feliz semana!",1993-07-07
JULIO,julio@emailbrokenia.com,"hoy comienza la mejor semana de tu vida, ¡feliz semana!",1982-10-26
RENATO,renato@emailbrokenia.com,"hoy comienza la mejor semana de tu vida, ¡feliz semana!",1991-07-10
ALEX,alex@emailbrokenia.com,"hoy comienza la mejor semana de tu vida, ¡feliz semana!",2004-11-13
VINICIUS,vinicius@emailbrokenia.com,"hoy comienza la mejor semana de tu vida, ¡feliz semana!",1952-05-20
ROGERIO,rogerio@emailbrokenia.com,"hoy comienza la mejor semana de tu vida, ¡feliz semana!",1996-01-09
SAMUEL,samuel@emailbrokenia.com,"hoy comienza la mejor semana de tu vida, ¡feliz semana!",1961-08-18
RONALDO,ronaldo@emailbrokenia.com,"hoy comienza la mejor semana de tu vida, ¡feliz semana!",2003-04-27
MARIO,mario@emailbrokenia.com,"hoy comienza la mejor semana de tu vida, ¡feliz semana!",1993-07-28
FLAVIO,flavio@emailbrokenia.com,"hoy comienza la mejor semana de tu vida, ¡feliz semana!",1959-06-16
DOUGLAS,douglas@emailbrokenia.com,"hoy comienza la mejor semana de tu vida, ¡feliz semana!",1950-09-13
IGOR,igor@emailbrokenia.com,"hoy comienza la mejor semana de tu vida, ¡feliz semana!",1963-07-31
DAVI,davi@emailbrokenia.com,"hoy comienza la mejor semana de tu vida, ¡feliz semana!",1996-02-04
MANUEL,manuel@emailbrokenia.com,"hoy comienza la mejor semana de tu vida, ¡feliz semana!",1952-06-13
JEFERSON,jeferson@emailbrokenia.com,"hoy comienza la mejor semana de tu vida, ¡feliz semana!",1997-08-29
CICERO,cicero@emailbrokenia.com,"hoy comienza la mejor semana de tu vida, ¡feliz semana!",1983-05-13
VICTOR,victor@emailbrokenia.com,"hoy comienza la mejor semana de tu vida, ¡feliz semana!",1983-05-18
MIGUEL,miguel@emailbrokenia.com,"hoy comienza la mejor semana de tu vida, ¡feliz semana!",1991-01-26
ROBSON,robson@emailbrokenia.com,"hoy comienza la mejor semana de tu vida, ¡feliz semana!",1984-07-06
MAURICIO,mauricio@emailbrokenia.com,"hoy comienza la mejor semana de tu vida, ¡feliz semana!",1984-07-19
DANILO,danilo@emailbrokenia.com,"hoy comienza la mejor semana de tu vida, ¡feliz semana!",1976-02-18
HENRIQUE,henrique@emailbrokenia.com,"hoy comienza la mejor semana de tu vida, ¡feliz semana!",1971-09-09
CAIO,caio@emailbrokenia.com,"hoy comienza la mejor semana de tu vida, ¡feliz semana!",1955-02-26
REGINALDO,reginaldo@emailbrokenia.com,"hoy comienza la mejor semana de tu vida, ¡feliz semana!",1977-12-05
JOAQUIM,joaquim@emailbrokenia.com,"hoy comienza la mejor semana de tu vida, ¡feliz semana!",1953-04-23
BENEDITO,benedito@emailbrokenia.com,"hoy comienza la mejor semana de tu vida, ¡feliz semana!",1957-08-10
GILBERTO,gilberto@emailbrokenia.com,"hoy comienza la mejor semana de tu vida, ¡feliz semana!",1974-08-30
MARCO,marco@emailbrokenia.com,"hoy comienza la mejor semana de tu vida, ¡feliz semana!",1965-12-29
ALAN,alan@emailbrokenia.com,"hoy comienza la mejor semana de tu vida, ¡feliz semana!",1953-02-27
NELSON,nelson@emailbrokenia.com,"hoy comienza la mejor semana de tu vida, ¡feliz semana!",1993-12-17
CRISTIANO,cristiano@emailbrokenia.com,"hoy comienza la mejor semana de tu vida, ¡feliz semana!",1985-11-25
ELIAS,elias@emailbrokenia.com,"hoy comienza la mejor semana de tu vida, ¡feliz semana!",1989-08-18
WILSON,wilson@emailbrokenia.com,"hoy comienza la mejor semana de tu vida, ¡feliz semana!",1980-03-07
VALDIR,valdir@emailbrokenia.com,"hoy comienza la mejor semana de tu vida, ¡feliz semana!",1953-10-03
EMERSON,emerson@emailbrokenia.com,"hoy comienza la mejor semana de tu vida, ¡feliz semana!",1989-04-23
LUAN,luan@emailbrokenia.com,"hoy comienza la mejor semana de tu vida, ¡feliz semana!",1970-11-12
DAVID,david@emailbrokenia.com,"hoy comienza la mejor semana de tu vida, ¡feliz semana!",1996-04-29
RENAN,renan@emailbrokenia.com,"hoy comienza la mejor semana de tu vida, ¡feliz semana!",1987-12-06
SEVERINO,severino@emailbrokenia.com,"hoy comienza la mejor semana de tu vida, ¡feliz semana!",1981-06-24
FABRICIO,fabricio@emailbrokenia.com,"hoy comienza la mejor semana de tu vida, ¡feliz semana!",1982-08-15
MAURO,mauro@emailbrokenia.com,"hoy comienza la mejor semana de tu vida, ¡feliz semana!",1961-02-07
JONAS,jonas@emailbrokenia.com,"hoy comienza la mejor semana de tu vida, ¡feliz semana!",1968-07-15
GILMAR,gilmar@emailbrokenia.com,"hoy comienza la mejor semana de tu vida, ¡feliz semana!",1968-03-24
JEAN,jean@emailbrokenia.com,"hoy comienza la mejor semana de tu vida, ¡feliz semana!",1959-07-21
FABIANO,fabiano@emailbrokenia.com,"hoy comienza la mejor semana de tu vida, ¡feliz semana!",1976-10-19
WESLEY,wesley@emailbrokenia.com,"hoy comienza la mejor semana de tu vida, ¡feliz semana!",1957-02-17
DIOGO,diogo@emailbrokenia.com,"hoy comienza la mejor semana de tu vida, ¡feliz semana!",1984-05-06
ADILSON,adilson@emailbrokenia.com,"hoy comienza la mejor semana de tu vida, ¡feliz semana!",1951-05-25
JAIR,jair@emailbrokenia.com,"hoy comienza la mejor semana de tu vida, ¡feliz semana!",2000-10-23
ALESSANDRO,alessandro@emailbrokenia.com,"hoy comienza la mejor semana de tu vida, ¡feliz semana!",1963-05-24
EVERTON,everton@emailbrokenia.com,"hoy comienza la mejor semana de tu vida, ¡feliz semana!",1951-09-02
OSVALDO,osvaldo@emailbrokenia.com,"hoy comienza la mejor semana de tu vida, ¡feliz semana!",2006-03-22
GILSON,gilson@emailbrokenia.com,"hoy comienza la mejor semana de tu vida, ¡feliz semana!",1955-12-06
WILLIAN,willian@emailbrokenia.com,"hoy comienza la mejor semana de tu vida, ¡feliz semana!",2001-12-16
JOEL,joel@emailbrokenia.com,"hoy comienza la mejor semana de tu vida, ¡feliz semana!",1974-02-17
SILVIO,silvio@emailbrokenia.com,"hoy comienza la mejor semana de tu vida, ¡feliz semana!",1968-09-14
HELIO,helio@emailbrokenia.com,"hoy comienza la mejor semana de tu vida, ¡feliz semana!",1952-08-15
MAICON,maicon@emailbrokenia.com,"hoy comienza la mejor semana de tu vida, ¡feliz semana!",1976-01-28
REINALDO,reinaldo@emailbrokenia.com,"hoy comienza la mejor semana de tu vida, ¡feliz semana!",1999-09-19
PABLO,pablo@emailbrokenia.com,"hoy comienza la mejor semana de tu vida, ¡feliz semana!",1956-10-06
ARTUR,artur@emailbrokenia.com,"hoy comienza la mejor semana de tu vida, ¡feliz semana!",1952-08-16
VAGNER,vagner@emailbrokenia.com,"hoy comienza la mejor semana de tu vida, ¡feliz semana!",2001-05-15
VALTER,valter@emailbrokenia.com,"hoy comienza la mejor semana de tu vida, ¡feliz semana!",1963-05-29
CELSO,celso@emailbrokenia.com,"hoy comienza la mejor semana de tu vida, ¡feliz semana!",1953-02-02
IVAN,ivan@emailbrokenia.com,"hoy comienza la mejor semana de tu vida, ¡feliz semana!",2000-03-06
CLEITON,cleiton@emailbrokenia.com,"hoy comienza la mejor semana de tu vida, ¡feliz semana!",1989-05-05
VANDERLEI,vanderlei@emailbrokenia.com,"hoy comienza la mejor semana de tu vida, ¡feliz semana!",2005-08-26
VICENTE,vicente@emailbrokenia.com,"hoy comienza la mejor semana de tu vida, ¡feliz semana!",1971-06-18
ARTHUR,arthur@emailbrokenia.com,"hoy comienza la mejor semana de tu vida, ¡feliz semana!",1976-03-10
MILTON,milton@emailbrokenia.com,"hoy comienza la mejor semana de tu vida, ¡feliz semana!",1999-06-03
DOMINGOS,domingos@emailbrokenia.com,"hoy comienza la mejor semana de tu vida, ¡feliz semana!",1954-03-23
WAGNER,wagner@emailbrokenia.com,"hoy comienza la mejor semana de tu vida, ¡feliz semana!",1955-06-14
SANDRO,sandro@emailbrokenia.com,"hoy comienza la mejor semana de tu vida, ¡feliz semana!",1980-09-15
MOISES,moises@emailbrokenia.com,"hoy comienza la mejor semana de tu vida, ¡feliz semana!",1958-12-22
EDILSON,edilson@emailbrokenia.com,"hoy comienza la mejor semana de tu vida, ¡feliz semana!",1969-03-03
ADEMIR,ademir@emailbrokenia.com,"hoy comienza la mejor semana de tu vida, ¡feliz semana!",1950-08-16
ADAO,adao@emailbrokenia.com,"hoy comienza la mejor semana de tu vida, ¡feliz semana!",2001-08-26
EVANDRO,evandro@emailbrokenia.com,"hoy comienza la mejor semana de tu vida, ¡feliz semana!",1982-03-24
CESAR,cesar@emailbrokenia.com,"hoy comienza la mejor semana de tu vida, ¡feliz semana!",1998-05-07
VALMIR,valmir@emailbrokenia.com,"hoy comienza la mejor semana de tu vida, ¡feliz semana!",1997-08-31
MURILO,murilo@emailbrokenia.com,"hoy comienza la mejor semana de tu vida, ¡feliz semana!",1988-08-16
JULIANO,juliano@emailbrokenia.com,"hoy comienza la mejor semana de tu vida, ¡feliz semana!",1979-07-11
EDVALDO,edvaldo@emailbrokenia.com,"hoy comienza la mejor semana de tu vida, ¡feliz semana!",1975-08-08
AILTON,ailton@emailbrokenia.com,"hoy comienza la mejor semana de tu vida, ¡feliz semana!",2000-01-26
JUNIOR,junior@emailbrokenia.com,"hoy comienza la mejor semana de tu vida, ¡feliz semana!",1956-12-18
BRENO,breno@emailbrokenia.com,"hoy comienza la mejor semana de tu vida, ¡feliz semana!",1960-12-08
NICOLAS,nicolas@emailbrokenia.com,"hoy comienza la mejor semana de tu vida, ¡feliz semana!",2001-08-10
RUAN,ruan@emailbrokenia.com,"hoy comienza la mejor semana de tu vida, ¡feliz semana!",1967-05-17
ALBERTO,alberto@emailbrokenia.com,"hoy comienza la mejor semana de tu vida, ¡feliz semana!",1988-04-24
RUBENS,rubens@emailbrokenia.com,"hoy comienza la mejor semana de tu vida, ¡feliz semana!",1956-06-27
NILTON,nilton@emailbrokenia.com,"hoy comienza la mejor semana de tu vida, ¡feliz semana!",1997-05-06
AUGUSTO,augusto@emailbrokenia.com,"hoy comienza la mejor semana de tu vida, ¡feliz semana!",2002-10-16
CLEBER,cleber@emailbrokenia.com,"hoy comienza la mejor semana de tu vida, ¡feliz semana!",1962-12-21
OSMAR,osmar@emailbrokenia.com,"hoy comienza la mejor semana de tu vida, ¡feliz semana!",1951-08-08
NILSON,nilson@emailbrokenia.com,"hoy comienza la mejor semana de tu vida, ¡feliz semana!",1963-02-04
ORLANDO,orlando@emailbrokenia.com,"hoy comienza la mejor semana de tu vida, ¡feliz semana!",1993-08-12
HUGO,hugo@emailbrokenia.com,"hoy comienza la mejor semana de tu vida, ¡feliz semana!",2001-07-13
OTAVIO,otavio@emailbrokenia.com,"hoy comienza la mejor semana de tu vida, ¡feliz semana!",1979-09-19
VINICIOS,vinicios@emailbrokenia.com,"hoy comienza la mejor semana de tu vida, ¡feliz semana!",1995-09-16
ITALO,italo@emailbrokenia.com,"hoy comienza la mejor semana de tu vida, ¡feliz semana!",1986-12-04
WILIAN,wilian@emailbrokenia.com,"hoy comienza la mejor semana de tu vida, ¡feliz semana!",1970-01-03
ALISSON,alisson@emailbrokenia.com,"hoy comienza la mejor semana de tu vida, ¡feliz semana!",1989-09-13
APARECIDO,aparecido@emailbrokenia.com,"hoy comienza la mejor semana de tu vida, ¡feliz semana!",1967-06-06
ISRAEL,israel@emailbrokenia.com,"hoy comienza la mejor semana de tu vida, ¡feliz semana!",1960-04-25
EDMILSON,edmilson@emailbrokenia.com,"hoy comienza la mejor semana de tu vida, ¡feliz semana!",1998-03-01
JOSUE,josue@emailbrokenia.com,"hoy comienza la mejor semana de tu vida, ¡feliz semana!",1958-10-26
GERSON,gerson@emailbrokenia.com,"hoy comienza la mejor semana de tu vida, ¡feliz semana!",1975-02-12
CAUA,caua@emailbrokenia.com,"hoy comienza la mejor semana de tu vida, ¡feliz semana!",1977-11-11
SIDNEI,sidnei@emailbrokenia.com,"hoy comienza la mejor semana de tu vida, ¡feliz semana!",1999-07-09
EMANUEL,emanuel@emailbrokenia.com,"hoy comienza la mejor semana de tu vida, ¡feliz semana!",2001-01-05
VALDEMAR,valdemar@emailbrokenia.com,"hoy comienza la mejor semana de tu vida, ¡feliz semana!",1963-01-25
JAIME,jaime@emailbrokenia.com,"hoy comienza la mejor semana de tu vida, ¡feliz semana!",1952-05-14
EDIVALDO,edivaldo@emailbrokenia.com,"hoy comienza la mejor semana de tu vida, ¡feliz semana!",1953-11-12
ARNALDO,arnaldo@emailbrokenia.com,"hoy comienza la mejor semana de tu vida, ¡feliz semana!",1987-07-22
MOACIR,moacir@emailbrokenia.com,"hoy comienza la mejor semana de tu vida, ¡feliz semana!",1967-02-05
DAMIAO,damiao@emailbrokenia.com,"hoy comienza la mejor semana de tu vida, ¡feliz semana!",1976-08-27
ISMAEL,ismael@emailbrokenia.com,"hoy comienza la mejor semana de tu vida, ¡feliz semana!",1972-02-23
NIVALDO,nivaldo@emailbrokenia.com,"hoy comienza la mejor semana de tu vida, ¡feliz semana!",1953-03-26
JAIRO,jairo@emailbrokenia.com,"hoy comienza la mejor semana de tu vida, ¡feliz semana!",1953-11-13
ISAIAS,isaias@emailbrokenia.com,"hoy comienza la mejor semana de tu vida, ¡feliz semana!",1974-03-10
MICHEL,michel@emailbrokenia.com,"hoy comienza la mejor semana de tu vida, ¡feliz semana!",1991-05-11
ANGELO,angelo@emailbrokenia.com,"hoy comienza la mejor semana de tu vida, ¡feliz semana!",1961-09-28
CRISTIAN,cristian@emailbrokenia.com,"hoy comienza la mejor semana de tu vida, ¡feliz semana!",1978-10-05
WELLINGTON,wellington@emailbrokenia.com,"hoy comienza la mejor semana de tu vida, ¡feliz semana!",2002-07-24
ALEXANDRO,alexandro@emailbrokenia.com,"hoy comienza la mejor semana de tu vida, ¡feliz semana!",1975-03-27
VALDEMIR,valdemir@emailbrokenia.com,"hoy comienza la mejor semana de tu vida, ¡feliz semana!",1990-03-18
WANDERSON,wanderson@emailbrokenia.com,"hoy comienza la mejor semana de tu vida, ¡feliz semana!",1965-08-01
JAILSON,jailson@emailbrokenia.com,"hoy comienza la mejor semana de tu vida, ¡feliz semana!",1974-10-01
DENIS,denis@emailbrokenia.com,"hoy comienza la mejor semana de tu vida, ¡feliz semana!",2005-06-19
RIAN,rian@emailbrokenia.com,"hoy comienza la mejor semana de tu vida, ¡feliz semana!",1952-11-02
CELIO,celio@emailbrokenia.com,"hoy comienza la mejor semana de tu vida, ¡feliz semana!",1958-08-17
CLAUDINEI,claudinei@emailbrokenia.com,"hoy comienza la mejor semana de tu vida, ¡feliz semana!",1961-04-10
DENILSON,denilson@emailbrokenia.com,"hoy comienza la mejor semana de tu vida, ¡feliz semana!",1953-02-20
IAGO,iago@emailbrokenia.com,"hoy comienza la mejor semana de tu vida, ¡feliz semana!",1958-07-03
EDER,eder@emailbrokenia.com,"hoy comienza la mejor semana de tu vida, ¡feliz semana!",1964-02-08
YURI,yuri@emailbrokenia.com,"hoy comienza la mejor semana de tu vida, ¡feliz semana!",1987-10-29
CHARLES,charles@emailbrokenia.com,"hoy comienza la mejor semana de tu vida, ¡feliz semana!",1997-05-31
MARLON,marlon@emailbrokenia.com,"hoy comienza la mejor semana de tu vida, ¡feliz semana!",1977-11-22
ALISON,alison@emailbrokenia.com,"hoy comienza la mejor semana de tu vida, ¡feliz semana!",1981-09-23
JONATAN,jonatan@emailbrokenia.com,"hoy comienza la mejor semana de tu vida, ¡feliz semana!",1978-12-22
ERIC,eric@emailbrokenia.com,"hoy comienza la mejor semana de tu vida, ¡feliz semana!",1961-08-30
ELTON,elton@emailbrokenia.com,"hoy comienza la mejor semana de tu vida, ¡feliz semana!",1977-10-24
VALDECIR,valdecir@emailbrokenia.com,"hoy comienza la mejor semana de tu vida, ¡feliz semana!",1982-05-05
WESLEI,weslei@emailbrokenia.com,"hoy comienza la mejor semana de tu vida, ¡feliz semana!",1983-10-10
NATANAEL,natanael@emailbrokenia.com,"hoy comienza la mejor semana de tu vida, ¡feliz semana!",1992-02-26
ERICK,erick@emailbrokenia.com,"hoy comienza la mejor semana de tu vida, ¡feliz semana!",1961-03-26
AGNALDO,agnaldo@emailbrokenia.com,"hoy comienza la mejor semana de tu vida, ¡feliz semana!",2000-11-28
KAUAN,kauan@emailbrokenia.com,"hoy comienza la mejor semana de tu vida, ¡feliz semana!",1969-11-08
ODAIR,odair@emailbrokenia.com,"hoy comienza la mejor semana de tu vida, ¡feliz semana!",2006-02-18
WALTER,walter@emailbrokenia.com,"hoy comienza la mejor semana de tu vida, ¡feliz semana!",2005-08-02
ARLINDO,arlindo@emailbrokenia.com,"hoy comienza la mejor semana de tu vida, ¡feliz semana!",1976-10-28
MICHAEL,michael@emailbrokenia.com,"hoy comienza la mejor semana de tu vida, ¡feliz semana!",1983-05-12
ALVARO,alvaro@emailbrokenia.com,"hoy comienza la mejor semana de tu vida, ¡feliz semana!",1993-11-26
GEOVANE,geovane@emailbrokenia.com,"hoy comienza la mejor semana de tu vida, ¡feliz semana!",1986-10-18
EVERALDO,everaldo@emailbrokenia.com,"hoy comienza la mejor semana de tu vida, ¡feliz semana!",1973-05-10
EZEQUIEL,ezequiel@emailbrokenia.com,"hoy comienza la mejor semana de tu vida, ¡feliz semana!",1990-06-17
ALMIR,almir@emailbrokenia.com,"hoy comienza la mejor semana de tu vida, ¡feliz semana!",2005-11-05
IVO,ivo@emailbrokenia.com,"hoy comienza la mejor semana de tu vida, ¡feliz semana!",2001-01-22
ADEMAR,ademar@emailbrokenia.com,"hoy comienza la mejor semana de tu vida, ¡feliz semana!",1957-12-09
RAMON,ramon@emailbrokenia.com,"hoy comienza la mejor semana de tu vida, ¡feliz semana!",2000-08-14
VALDECI,valdeci@emailbrokenia.com,"hoy comienza la mejor semana de tu vida, ¡feliz semana!",2001-11-22
FILIPE,filipe@emailbrokenia.com,"hoy comienza la mejor semana de tu vida, ¡feliz semana!",1965-01-01
WILLIAM,william@emailbrokenia.com,"hoy comienza la mejor semana de tu vida, ¡feliz semana!",1951-09-24
JONATAS,jonatas@emailbrokenia.com,"hoy comienza la mejor semana de tu vida, ¡feliz semana!",1952-02-01
IVANILDO,ivanildo@emailbrokenia.com,"hoy comienza la mejor semana de tu vida, ¡feliz semana!",1979-06-23
ROMARIO,romario@emailbrokenia.com,"hoy comienza la mejor semana de tu vida, ¡feliz semana!",1955-11-05
JACKSON,jackson@emailbrokenia.com,"hoy comienza la mejor semana de tu vida, ¡feliz semana!",1955-06-23
GILVAN,gilvan@emailbrokenia.com,"hoy comienza la mejor semana de tu vida, ¡feliz semana!",1955-04-07
KAUA,kaua@emailbrokenia.com,"hoy comienza la mejor semana de tu vida, ¡feliz semana!",1955-10-13
JONATHAN,jonathan@emailbrokenia.com,"hoy comienza la mejor semana de tu vida, ¡feliz semana!",1993-12-04
ALFREDO,alfredo@emailbrokenia.com,"hoy comienza la mejor semana de tu vida, ¡feliz semana!",1985-06-16
NATAN,natan@emailbrokenia.com,"hoy comienza la mejor semana de tu vida, ¡feliz semana!",1982-10-25
RAUL,raul@emailbrokenia.com,"hoy comienza la mejor semana de tu vida, ¡feliz semana!",1966-02-14
BERNARDO,bernardo@emailbrokenia.com,"hoy comienza la mejor semana de tu vida, ¡feliz semana!",1956-03-14
JOSIAS,josias@emailbrokenia.com,"hoy comienza la mejor semana de tu vida, ¡feliz semana!",1979-01-26
RODOLFO,rodolfo@emailbrokenia.com,"hoy comienza la mejor semana de tu vida, ¡feliz semana!",1994-02-08
GEAN,gean@emailbrokenia.com,"hoy comienza la mejor semana de tu vida, ¡feliz semana!",1954-10-22
LAZARO,lazaro@emailbrokenia.com,"hoy comienza la mejor semana de tu vida, ¡feliz semana!",1981-03-01
LUCIO,lucio@emailbrokenia.com,"hoy comienza la mejor semana de tu vida, ¡feliz semana!",1993-11-28
JOSIMAR,josimar@emailbrokenia.com,"hoy comienza la mejor semana de tu vida, ¡feliz semana!",1966-02-27
VILMAR,vilmar@emailbrokenia.com,"hoy comienza la mejor semana de tu vida, ¡feliz semana!",1951-11-27
JEFFERSON,jefferson@emailbrokenia.com,"hoy comienza la mejor semana de tu vida, ¡feliz semana!",1953-11-12
ALCIDES,alcides@emailbrokenia.com,"hoy comienza la mejor semana de tu vida, ¡feliz semana!",2005-07-09
VALDOMIRO,valdomiro@emailbrokenia.com,"hoy comienza la mejor semana de tu vida, ¡feliz semana!",1966-01-26
ARMANDO,armando@emailbrokenia.com,"hoy comienza la mejor semana de tu vida, ¡feliz semana!",1991-01-14
ROMULO,romulo@emailbrokenia.com,"hoy comienza la mejor semana de tu vida, ¡feliz semana!",1998-01-02
CASSIO,cassio@emailbrokenia.com,"hoy comienza la mejor semana de tu vida, ¡feliz semana!",1977-08-29
EDNALDO,ednaldo@emailbrokenia.com,"hoy comienza la mejor semana de tu vida, ¡feliz semana!",1967-03-18
WELITON,weliton@emailbrokenia.com,"hoy comienza la mejor semana de tu vida, ¡feliz semana!",1982-02-23
AIRTON,airton@emailbrokenia.com,"hoy comienza la mejor semana de tu vida, ¡feliz semana!",1983-06-16
CLAUDEMIR,claudemir@emailbrokenia.com,"hoy comienza la mejor semana de tu vida, ¡feliz semana!",1976-03-08
WELINGTON,welington@emailbrokenia.com,"hoy comienza la mejor semana de tu vida, ¡feliz semana!",1958-05-28
CAIQUE,caique@emailbrokenia.com,"hoy comienza la mejor semana de tu vida, ¡feliz semana!",1986-09-11
RICHARD,richard@emailbrokenia.com,"hoy comienza la mejor semana de tu vida, ¡feliz semana!",1959-08-10
LAERCIO,laercio@emailbrokenia.com,"hoy comienza la mejor semana de tu vida, ¡feliz semana!",1985-05-20
PATRICK,patrick@emailbrokenia.com,"hoy comienza la mejor semana de tu vida, ¡feliz semana!",1958-08-30
AFONSO,afonso@emailbrokenia.com,"hoy comienza la mejor semana de tu vida, ¡feliz semana!",1989-11-02
CLOVIS,clovis@emailbrokenia.com,"hoy comienza la mejor semana de tu vida, ¡feliz semana!",1976-11-18
ADALBERTO,adalberto@emailbrokenia.com,"hoy comienza la mejor semana de tu vida, ¡feliz semana!",1959-02-16
EDMAR,edmar@emailbrokenia.com,"hoy comienza la mejor semana de tu vida, ¡feliz semana!",1962-01-28
ENZO,enzo@emailbrokenia.com,"hoy comienza la mejor semana de tu vida, ¡feliz semana!",1992-12-26
JURANDIR,jurandir@emailbrokenia.com,"hoy comienza la mejor semana de tu vida, ¡feliz semana!",1979-10-11
EDGAR,edgar@emailbrokenia.com,"hoy comienza la mejor semana de tu vida, ¡feliz semana!",1967-10-28
EDIMILSON,edimilson@emailbrokenia.com,"hoy comienza la mejor semana de tu vida, ¡feliz semana!",1971-07-13
MARIA,maria@emailbrokenia.com,"hoy comienza la mejor semana de tu vida, ¡feliz semana!",2003-03-31
ANA,ana@emailbrokenia.com,"hoy comienza la mejor semana de tu vida, ¡feliz semana!",1976-07-04
FRANCISCA,francisca@emailbrokenia.com,"hoy comienza la mejor semana de tu vida, ¡feliz semana!",1974-09-04
ANTONIA,antonia@emailbrokenia.com,"hoy comienza la mejor semana de tu vida, ¡feliz semana!",1997-04-18
ADRIANA,adriana@emailbrokenia.com,"hoy comienza la mejor semana de tu vida, ¡feliz semana!",1979-10-11
JULIANA,juliana@emailbrokenia.com,"hoy comienza la mejor semana de tu vida, ¡feliz semana!",1960-03-06
MARCIA,marcia@emailbrokenia.com,"hoy comienza la mejor semana de tu vida, ¡feliz semana!",1961-08-26
FERNANDA,fernanda@emailbrokenia.com,"hoy comienza la mejor semana de tu vida, ¡feliz semana!",1959-12-03
PATRICIA,patricia@emailbrokenia.com,"hoy comienza la mejor semana de tu vida, ¡feliz semana!",1981-11-21
ALINE,aline@emailbrokenia.com,"hoy comienza la mejor semana de tu vida, ¡feliz semana!",2003-04-23
SANDRA,sandra@emailbrokenia.com,"hoy comienza la mejor semana de tu vida, ¡feliz semana!",1956-11-17
CAMILA,camila@emailbrokenia.com,"hoy comienza la mejor semana de tu vida, ¡feliz semana!",1992-03-19
AMANDA,amanda@emailbrokenia.com,"hoy comienza la mejor semana de tu vida, ¡feliz semana!",1951-09-10
BRUNA,bruna@emailbrokenia.com,"hoy comienza la mejor semana de tu vida, ¡feliz semana!",1966-02-11
JESSICA,jessica@emailbrokenia.com,"hoy comienza la mejor semana de tu vida, ¡feliz semana!",2003-01-06
LETICIA,leticia@emailbrokenia.com,"hoy comienza la mejor semana de tu vida, ¡feliz semana!",1998-12-20
JULIA,julia@emailbrokenia.com,"hoy comienza la mejor semana de tu vida, ¡feliz semana!",1964-06-18
LUCIANA,luciana@emailbrokenia.com,"hoy comienza la mejor semana de tu vida, ¡feliz semana!",2003-08-07
VANESSA,vanessa@emailbrokenia.com,"hoy comienza la mejor semana de tu vida, ¡feliz semana!",1993-12-08
MARIANA,mariana@emailbrokenia.com,"hoy comienza la mejor semana de tu vida, ¡feliz semana!",2002-02-20
GABRIELA,gabriela@emailbrokenia.com,"hoy comienza la mejor semana de tu vida, ¡feliz semana!",1984-08-28
VERA,vera@emailbrokenia.com,"hoy comienza la mejor semana de tu vida, ¡feliz semana!",1965-02-21
VITORIA,vitoria@emailbrokenia.com,"hoy comienza la mejor semana de tu vida, ¡feliz semana!",1995-10-31
LARISSA,larissa@emailbrokenia.com,"hoy comienza la mejor semana de tu vida, ¡feliz semana!",1963-06-13
CLAUDIA,claudia@emailbrokenia.com,"hoy comienza la mejor semana de tu vida, ¡feliz semana!",1987-02-07
BEATRIZ,beatriz@emailbrokenia.com,"hoy comienza la mejor semana de tu vida, ¡feliz semana!",1988-12-29
RITA,rita@emailbrokenia.com,"hoy comienza la mejor semana de tu vida, ¡feliz semana!",1965-03-28
LUANA,luana@emailbrokenia.com,"hoy comienza la mejor semana de tu vida, ¡feliz semana!",1988-12-01
SONIA,sonia@emailbrokenia.com,"hoy comienza la mejor semana de tu vida, ¡feliz semana!",1996-02-20
RENATA,renata@emailbrokenia.com,"hoy comienza la mejor semana de tu vida, ¡feliz semana!",1980-03-15
ELIANE,eliane@emailbrokenia.com,"hoy comienza la mejor semana de tu vida, ¡feliz semana!",1999-03-06
JOSEFA,josefa@emailbrokenia.com,"hoy comienza la mejor semana de tu vida, ¡feliz semana!",2006-06-15
SIMONE,simone@emailbrokenia.com,"hoy comienza la mejor semana de tu vida, ¡feliz semana!",1954-10-07
NATALIA,natalia@emailbrokenia.com,"hoy comienza la mejor semana de tu vida, ¡feliz semana!",2002-03-16
CRISTIANE,cristiane@emailbrokenia.com,"hoy comienza la mejor semana de tu vida, ¡feliz semana!",1958-04-24
CARLA,carla@emailbrokenia.com,"hoy comienza la mejor semana de tu vida, ¡feliz semana!",2006-01-30
DEBORA,debora@emailbrokenia.com,"hoy comienza la mejor semana de tu vida, ¡feliz semana!",2006-10-18
ROSANGELA,rosangela@emailbrokenia.com,"hoy comienza la mejor semana de tu vida, ¡feliz semana!",1969-08-01
JAQUELINE,jaqueline@emailbrokenia.com,"hoy comienza la mejor semana de tu vida, ¡feliz semana!",1963-11-25
ROSA,rosa@emailbrokenia.com,"hoy comienza la mejor semana de tu vida, ¡feliz semana!",1972-11-27
APARECIDA,aparecida@emailbrokenia.com,"hoy comienza la mejor semana de tu vida, ¡feliz semana!",1988-04-06
DANIELA,daniela@emailbrokenia.com,"hoy comienza la mejor semana de tu vida, ¡feliz semana!",1966-08-12
MARLENE,marlene@emailbrokenia.com,"hoy comienza la mejor semana de tu vida, ¡feliz semana!",1980-12-16
TEREZINHA,terezinha@emailbrokenia.com,"hoy comienza la mejor semana de tu vida, ¡feliz semana!",1998-08-06
RAIMUNDA,raimunda@emailbrokenia.com,"hoy comienza la mejor semana de tu vida, ¡feliz semana!",1970-07-15
ANDREIA,andreia@emailbrokenia.com,"hoy comienza la mejor semana de tu vida, ¡feliz semana!",1998-12-05
FABIANA,fabiana@emailbrokenia.com,"hoy comienza la mejor semana de tu vida, ¡feliz semana!",1972-01-04
LUCIA,lucia@emailbrokenia.com,"hoy comienza la mejor semana de tu vida, ¡feliz semana!",1960-09-11
RAQUEL,raquel@emailbrokenia.com,"hoy comienza la mejor semana de tu vida, ¡feliz semana!",1968-01-24
ANGELA,angela@emailbrokenia.com,"hoy comienza la mejor semana de tu vida, ¡feliz semana!",2001-05-24
RAFAELA,rafaela@emailbrokenia.com,"hoy comienza la mejor semana de tu vida, ¡feliz semana!",1976-07-04
JOANA,joana@emailbrokenia.com,"hoy comienza la mejor semana de tu vida, ¡feliz semana!",1951-01-23
LUZIA,luzia@emailbrokenia.com,"hoy comienza la mejor semana de tu vida, ¡feliz semana!",1993-05-03
ELAINE,elaine@emailbrokenia.com,"hoy comienza la mejor semana de tu vida, ¡feliz semana!",1994-06-01
REGINA,regina@emailbrokenia.com,"hoy comienza la mejor semana de tu vida, ¡feliz semana!",1989-09-24
DANIELE,daniele@emailbrokenia.com,"hoy comienza la mejor semana de tu vida, ¡feliz semana!",1955-02-15
SUELI,sueli@emailbrokenia.com,"hoy comienza la mejor semana de tu vida, ¡feliz semana!",1982-06-24
DAIANE,daiane@emailbrokenia.com,"hoy comienza la mejor semana de tu vida, ¡feliz semana!",1996-11-14
ALESSANDRA,alessandra@emailbrokenia.com,"hoy comienza la mejor semana de tu vida, ¡feliz semana!",1998-03-04
ISABEL,isabel@emailbrokenia.com,"hoy comienza la mejor semana de tu vida, ¡feliz semana!",1992-07-28
SARA,sara@emailbrokenia.com,"hoy comienza la mejor semana de tu vida, ¡feliz semana!",1954-03-10
BIANCA,bianca@emailbrokenia.com,"hoy comienza la mejor semana de tu vida, ¡feliz semana!",1954-12-16
FLAVIA,flavia@emailbrokenia.com,"hoy comienza la mejor semana de tu vida, ¡feliz semana!",1977-04-28
ERICA,erica@emailbrokenia.com,"hoy comienza la mejor semana de tu vida, ¡feliz semana!",1979-04-04
VIVIANE,viviane@emailbrokenia.com,"hoy comienza la mejor semana de tu vida, ¡feliz semana!",1984-06-05
SILVANA,silvana@emailbrokenia.com,"hoy comienza la mejor semana de tu vida, ¡feliz semana!",1978-11-10
PRISCILA,priscila@emailbrokenia.com,"hoy comienza la mejor semana de tu vida, ¡feliz semana!",1992-06-03
PAULA,paula@emailbrokenia.com,"hoy comienza la mejor semana de tu vida, ¡feliz semana!",2005-04-12
LUIZA,luiza@emailbrokenia.com,"hoy comienza la mejor semana de tu vida, ¡feliz semana!",1963-05-05
TEREZA,tereza@emailbrokenia.com,"hoy comienza la mejor semana de tu vida, ¡feliz semana!",1959-04-10
ISABELA,isabela@emailbrokenia.com,"hoy comienza la mejor semana de tu vida, ¡feliz semana!",1955-08-15
MARTA,marta@emailbrokenia.com,"hoy comienza la mejor semana de tu vida, ¡feliz semana!",2004-08-29
CAROLINE,caroline@emailbrokenia.com,"hoy comienza la mejor semana de tu vida, ¡feliz semana!",1996-01-04
JANAINA,janaina@emailbrokenia.com,"hoy comienza la mejor semana de tu vida, ¡feliz semana!",1983-10-15
LAURA,laura@emailbrokenia.com,"hoy comienza la mejor semana de tu vida, ¡feliz semana!",1959-10-18
MARLI,marli@emailbrokenia.com,"hoy comienza la mejor semana de tu vida, ¡feliz semana!",1975-12-11
TATIANE,tatiane@emailbrokenia.com,"hoy comienza la mejor semana de tu vida, ¡feliz semana!",1995-12-02
MARINA,marina@emailbrokenia.com,"hoy comienza la mejor semana de tu vida, ¡feliz semana!",1965-07-09
SILVIA,silvia@emailbrokenia.com,"hoy comienza la mejor semana de tu vida, ¡feliz semana!",1985-02-04
MONICA,monica@emailbrokenia.com,"hoy comienza la mejor semana de tu vida, ¡feliz semana!",1984-06-26
TAIS,tais@emailbrokenia.com,"hoy comienza la mejor semana de tu vida, ¡feliz semana!",1954-11-26
MICHELE,michele@emailbrokenia.com,"hoy comienza la mejor semana de tu vida, ¡feliz semana!",1958-10-27
SOLANGE,solange@emailbrokenia.com,"hoy comienza la mejor semana de tu vida, ¡feliz semana!",1994-11-02
EDNA,edna@emailbrokenia.com,"hoy comienza la mejor semana de tu vida, ¡feliz semana!",1988-11-25
FATIMA,fatima@emailbrokenia.com,"hoy comienza la mejor semana de tu vida, ¡feliz semana!",1972-04-01
HELENA,helena@emailbrokenia.com,"hoy comienza la mejor semana de tu vida, ¡feliz semana!",1953-01-10
CRISTINA,cristina@emailbrokenia.com,"hoy comienza la mejor semana de tu vida, ¡feliz semana!",2005-03-31
ALICE,alice@emailbrokenia.com,"hoy comienza la mejor semana de tu vida, ¡feliz semana!",1980-11-12
CAROLINA,carolina@emailbrokenia.com,"hoy comienza la mejor semana de tu vida, ¡feliz semana!",1964-09-09
ROSANA,rosana@emailbrokenia.com,"hoy comienza la mejor semana de tu vida, ¡feliz semana!",1969-08-28
ANDRESSA,andressa@emailbrokenia.com,"hoy comienza la mejor semana de tu vida, ¡feliz semana!",1983-01-16
CELIA,celia@emailbrokenia.com,"hoy comienza la mejor semana de tu vida, ¡feliz semana!",1991-06-20
VALERIA,valeria@emailbrokenia.com,"hoy comienza la mejor semana de tu vida, ¡feliz semana!",1988-08-25
ELIANA,eliana@emailbrokenia.com,"hoy comienza la mejor semana de tu vida, ¡feliz semana!",1982-01-16
SABRINA,sabrina@emailbrokenia.com,"hoy comienza la mejor semana de tu vida, ¡feliz semana!",2002-03-16
ANDREA,andrea@emailbrokenia.com,"hoy comienza la mejor semana de tu vida, ¡feliz semana!",1983-02-08
TANIA,tania@emailbrokenia.com,"hoy comienza la mejor semana de tu vida, ¡feliz semana!",1996-09-04
BARBARA,barbara@emailbrokenia.com,"hoy comienza la mejor semana de tu vida, ¡feliz semana!",1972-12-20
THAIS,thais@emailbrokenia.com,"hoy comienza la mejor semana de tu vida, ¡feliz semana!",1984-07-29
DENISE,denise@emailbrokenia.com,"hoy comienza la mejor semana de tu vida, ¡feliz semana!",1984-12-03
ROSELI,roseli@emailbrokenia.com,"hoy comienza la mejor semana de tu vida, ¡feliz semana!",1988-05-13
GISELE,gisele@emailbrokenia.com,"hoy comienza la mejor semana de tu vida, ¡feliz semana!",2004-02-02
MARILENE,marilene@emailbrokenia.com,"hoy comienza la mejor semana de tu vida, ¡feliz semana!",1994-07-05
KATIA,katia@emailbrokenia.com,"hoy comienza la mejor semana de tu vida, ¡feliz semana!",1982-04-27
EVA,eva@emailbrokenia.com,"hoy comienza la mejor semana de tu vida, ¡feliz semana!",1970-10-20
MILENA,milena@emailbrokenia.com,"hoy comienza la mejor semana de tu vida, ¡feliz semana!",1978-03-19
EDUARDA,eduarda@emailbrokenia.com,"hoy comienza la mejor semana de tu vida, ¡feliz semana!",2004-11-10
ELISANGELA,elisangela@emailbrokenia.com,"hoy comienza la mejor semana de tu vida, ¡feliz semana!",1972-02-16
VILMA,vilma@emailbrokenia.com,"hoy comienza la mejor semana de tu vida, ¡feliz semana!",1985-06-08
GEOVANA,geovana@emailbrokenia.com,"hoy comienza la mejor semana de tu vida, ¡feliz semana!",1996-09-11
LUCIENE,luciene@emailbrokenia.com,"hoy comienza la mejor semana de tu vida, ¡feliz semana!",1979-10-16
TAMIRES,tamires@emailbrokenia.com,"hoy comienza la mejor semana de tu vida, ¡feliz semana!",1993-09-20
TATIANA,tatiana@emailbrokenia.com,"hoy comienza la mejor semana de tu vida, ¡feliz semana!",1974-02-25
ROBERTA,roberta@emailbrokenia.com,"hoy comienza la mejor semana de tu vida, ¡feliz semana!",1991-04-03
ELZA,elza@emailbrokenia.com,"hoy comienza la mejor semana de tu vida, ¡feliz semana!",1970-06-10
TALITA,talita@emailbrokenia.com,"hoy comienza la mejor semana de tu vida, ¡feliz semana!",1996-12-17
MARCELA,marcela@emailbrokenia.com,"hoy comienza la mejor semana de tu vida, ¡feliz semana!",1979-03-27
PAMELA,pamela@emailbrokenia.com,"hoy comienza la mejor semana de tu vida, ¡feliz semana!",1960-10-26
VANIA,vania@emailbrokenia.com,"hoy comienza la mejor semana de tu vida, ¡feliz semana!",1975-07-30
IRENE,irene@emailbrokenia.com,"hoy comienza la mejor semana de tu vida, ¡feliz semana!",1992-08-21
JOSIANE,josiane@emailbrokenia.com,"hoy comienza la mejor semana de tu vida, ¡feliz semana!",1953-06-14
LIVIA,livia@emailbrokenia.com,"hoy comienza la mejor semana de tu vida, ¡feliz semana!",2002-01-11
CINTIA,cintia@emailbrokenia.com,"hoy comienza la mejor semana de tu vida, ¡feliz semana!",1977-07-28
IVONE,ivone@emailbrokenia.com,"hoy comienza la mejor semana de tu vida, ¡feliz semana!",1957-10-26
LAIS,lais@emailbrokenia.com,"hoy comienza la mejor semana de tu vida, ¡feliz semana!",1992-12-26
BENEDITA,benedita@emailbrokenia.com,"hoy comienza la mejor semana de tu vida, ¡feliz semana!",1956-08-06
SEBASTIANA,sebastiana@emailbrokenia.com,"hoy comienza la mejor semana de tu vida, ¡feliz semana!",1962-05-31
TAINA,taina@emailbrokenia.com,"hoy comienza la mejor semana de tu vida, ¡feliz semana!",1997-01-17
JOICE,joice@emailbrokenia.com,"hoy comienza la mejor semana de tu vida, ¡feliz semana!",1981-06-19
MIRIAN,mirian@emailbrokenia.com,"hoy comienza la mejor semana de tu vida, ¡feliz semana!",1993-05-25
ELIZABETE,elizabete@emailbrokenia.com,"hoy comienza la mejor semana de tu vida, ¡feliz semana!",1977-01-17
ANGELICA,angelica@emailbrokenia.com,"hoy comienza la mejor semana de tu vida, ¡feliz semana!",1994-04-07
GABRIELE,gabriele@emailbrokenia.com,"hoy comienza la mejor semana de tu vida, ¡feliz semana!",1979-12-30
BRENDA,brenda@emailbrokenia.com,"hoy comienza la mejor semana de tu vida, ¡feliz semana!",2003-08-17
VERONICA,veronica@emailbrokenia.com,"hoy comienza la mejor semana de tu vida, ¡feliz semana!",1975-01-07
ROSILENE,rosilene@emailbrokenia.com,"hoy comienza la mejor semana de tu vida, ¡feliz semana!",1987-05-27
KARINA,karina@emailbrokenia.com,"hoy comienza la mejor semana de tu vida, ¡feliz semana!",1952-06-28
NAIR,nair@emailbrokenia.com,"hoy comienza la mejor semana de tu vida, ¡feliz semana!",1994-06-06
NEUSA,neusa@emailbrokenia.com,"hoy comienza la mejor semana de tu vida, ¡feliz semana!",1951-08-08
MARGARIDA,margarida@emailbrokenia.com,"hoy comienza la mejor semana de tu vida, ¡feliz semana!",1996-02-03
NEUZA,neuza@emailbrokenia.com,"hoy comienza la mejor semana de tu vida, ¡feliz semana!",2001-07-14
NEIDE,neide@emailbrokenia.com,"hoy comienza la mejor semana de tu vida, ¡feliz semana!",1972-04-22
RAISSA,raissa@emailbrokenia.com,"hoy comienza la mejor semana de tu vida, ¡feliz semana!",1953-03-20
MAIARA,maiara@emailbrokenia.com,"hoy comienza la mejor semana de tu vida, ¡feliz semana!",1951-05-10
LORENA,lorena@emailbrokenia.com,"hoy comienza la mejor semana de tu vida, ¡feliz semana!",1961-11-08
FRANCIELE,franciele@emailbrokenia.com,"hoy comienza la mejor semana de tu vida, ¡feliz semana!",2004-10-18
SAMARA,samara@emailbrokenia.com,"hoy comienza la mejor semana de tu vida, ¡feliz semana!",1959-12-11
LILIAN,lilian@emailbrokenia.com,"hoy comienza la mejor semana de tu vida, ¡feliz semana!",1963-05-20
JANETE,janete@emailbrokenia.com,"hoy comienza la mejor semana de tu vida, ¡feliz semana!",1974-11-27
CICERA,cicera@emailbrokenia.com,"hoy comienza la mejor semana de tu vida, ¡feliz semana!",1998-03-06
GIOVANA,giovana@emailbrokenia.com,"hoy comienza la mejor semana de tu vida, ¡feliz semana!",1955-12-08
SEVERINA,severina@emailbrokenia.com,"hoy comienza la mejor semana de tu vida, ¡feliz semana!",2004-11-13
LARA,lara@emailbrokenia.com,"hoy comienza la mejor semana de tu vida, ¡feliz semana!",1988-10-24
CLEIDE,cleide@emailbrokenia.com,"hoy comienza la mejor semana de tu vida, ¡feliz semana!",1965-10-11
NICOLE,nicole@emailbrokenia.com,"hoy comienza la mejor semana de tu vida, ¡feliz semana!",1960-08-01
CECILIA,cecilia@emailbrokenia.com,"hoy comienza la mejor semana de tu vida, ¡feliz semana!",1962-01-12
YASMIN,yasmin@emailbrokenia.com,"hoy comienza la mejor semana de tu vida, ¡feliz semana!",1986-06-22
CONCEICAO,conceicao@emailbrokenia.com,"hoy comienza la mejor semana de tu vida, ¡feliz semana!",1953-11-21
INGRID,ingrid@emailbrokenia.com,"hoy comienza la mejor semana de tu vida, ¡feliz semana!",2005-04-30
SELMA,selma@emailbrokenia.com,"hoy comienza la mejor semana de tu vida, ¡feliz semana!",1972-04-06
LEILA,leila@emailbrokenia.com,"hoy comienza la mejor semana de tu vida, ¡feliz semana!",1989-06-08
RAIANE,raiane@emailbrokenia.com,"hoy comienza la mejor semana de tu vida, ¡feliz semana!",1984-08-10
ESTER,ester@emailbrokenia.com,"hoy comienza la mejor semana de tu vida, ¡feliz semana!",1977-09-15
REGIANE,regiane@emailbrokenia.com,"hoy comienza la mejor semana de tu vida, ¡feliz semana!",1956-02-04
MARISA,marisa@emailbrokenia.com,"hoy comienza la mejor semana de tu vida, ¡feliz semana!",1998-08-15
EUNICE,eunice@emailbrokenia.com,"hoy comienza la mejor semana de tu vida, ¡feliz semana!",1976-12-26
KELLY,kelly@emailbrokenia.com,"hoy comienza la mejor semana de tu vida, ¡feliz semana!",1964-08-10
TAINARA,tainara@emailbrokenia.com,"hoy comienza la mejor semana de tu vida, ¡feliz semana!",2006-05-18
IARA,iara@emailbrokenia.com,"hoy comienza la mejor semana de tu vida, ¡feliz semana!",1997-09-21
JOELMA,joelma@emailbrokenia.com,"hoy comienza la mejor semana de tu vida, ¡feliz semana!",1999-08-20
MARINALVA,marinalva@emailbrokenia.com,"hoy comienza la mejor semana de tu vida, ¡feliz semana!",1969-04-14
TERESINHA,teresinha@emailbrokenia.com,"hoy comienza la mejor semana de tu vida, ¡feliz semana!",1960-11-25
REBECA,rebeca@emailbrokenia.com,"hoy comienza la mejor semana de tu vida, ¡feliz semana!",2006-02-19
GERALDA,geralda@emailbrokenia.com,"hoy comienza la mejor semana de tu vida, ¡feliz semana!",1963-01-20
CLEONICE,cleonice@emailbrokenia.com,"hoy comienza la mejor semana de tu vida, ¡feliz semana!",2003-01-04
ALEXANDRA,alexandra@emailbrokenia.com,"hoy comienza la mejor semana de tu vida, ¡feliz semana!",2000-06-02
MARA,mara@emailbrokenia.com,"hoy comienza la mejor semana de tu vida, ¡feliz semana!",1988-06-27
JENIFER,jenifer@emailbrokenia.com,"hoy comienza la mejor semana de tu vida, ¡feliz semana!",1993-05-30
ELIZANGELA,elizangela@emailbrokenia.com,"hoy comienza la mejor semana de tu vida, ¡feliz semana!",1965-03-02
LILIANE,liliane@emailbrokenia.com,"hoy comienza la mejor semana de tu vida, ¡feliz semana!",1995-07-28
LIDIA,lidia@emailbrokenia.com,"hoy comienza la mejor semana de tu vida, ¡feliz semana!",1983-06-29
IRACEMA,iracema@emailbrokenia.com,"hoy comienza la mejor semana de tu vida, ¡feliz semana!",1982-11-04
LIDIANE,lidiane@emailbrokenia.com,"hoy comienza la mejor semana de tu vida, ¡feliz semana!",1985-01-28
IRACI,iraci@emailbrokenia.com,"hoy comienza la mejor semana de tu vida, ¡feliz semana!",2001-04-21
MARILIA,marilia@emailbrokenia.com,"hoy comienza la mejor semana de tu vida, ¡feliz semana!",1975-07-17
SHEILA,sheila@emailbrokenia.com,"hoy comienza la mejor semana de tu vida, ¡feliz semana!",1956-07-12
INES,ines@emailbrokenia.com,"hoy comienza la mejor semana de tu vida, ¡feliz semana!",1988-12-23
NAIARA,naiara@emailbrokenia.com,"hoy comienza la mejor semana de tu vida, ¡feliz semana!",1991-06-01
POLIANA,poliana@emailbrokenia.com,"hoy comienza la mejor semana de tu vida, ¡feliz semana!",1991-06-14
DALVA,dalva@emailbrokenia.com,"hoy comienza la mejor semana de tu vida, ¡feliz semana!",1968-12-13
LURDES,lurdes@emailbrokenia.com,"hoy comienza la mejor semana de tu vida, ¡feliz semana!",1959-07-10
TERESA,teresa@emailbrokenia.com,"hoy comienza la mejor semana de tu vida, ¡feliz semana!",1999-11-20
ZILDA,zilda@emailbrokenia.com,"hoy comienza la mejor semana de tu vida, ¡feliz semana!",1990-11-07
LUCILENE,lucilene@emailbrokenia.com,"hoy comienza la mejor semana de tu vida, ¡feliz semana!",2001-04-02
CLARA,clara@emailbrokenia.com,"hoy comienza la mejor semana de tu vida, ¡feliz semana!",1958-08-03
ROSANE,rosane@emailbrokenia.com,"hoy comienza la mejor semana de tu vida, ¡feliz semana!",1962-03-12
IVONETE,ivonete@emailbrokenia.com,"hoy comienza la mejor semana de tu vida, ¡feliz semana!",1979-04-22
LUCIANE,luciane@emailbrokenia.com,"hoy comienza la mejor semana de tu vida, ¡feliz semana!",1959-08-19
ISADORA,isadora@emailbrokenia.com,"hoy comienza la mejor semana de tu vida, ¡feliz semana!",1955-03-25
NILZA,nilza@emailbrokenia.com,"hoy comienza la mejor semana de tu vida, ¡feliz semana!",1983-12-16
PALOMA,paloma@emailbrokenia.com,"hoy comienza la mejor semana de tu vida, ¡feliz semana!",1989-11-12
CARMEM,carmem@emailbrokenia.com,"hoy comienza la mejor semana de tu vida, ¡feliz semana!",1987-03-13
SUELEN,suelen@emailbrokenia.com,"hoy comienza la mejor semana de tu vida, ¡feliz semana!",1983-08-23
ROSIMEIRE,rosimeire@emailbrokenia.com,"hoy comienza la mejor semana de tu vida, ¡feliz semana!",1996-12-26
CLEUSA,cleusa@emailbrokenia.com,"hoy comienza la mejor semana de tu vida, ¡feliz semana!",1987-12-16
VANDA,vanda@emailbrokenia.com,"hoy comienza la mejor semana de tu vida, ¡feliz semana!",1960-05-24
ILDA,ilda@emailbrokenia.com,"hoy comienza la mejor semana de tu vida, ¡feliz semana!",1995-02-01
JANE,jane@emailbrokenia.com,"hoy comienza la mejor semana de tu vida, ¡feliz semana!",1968-08-03
ELIENE,eliene@emailbrokenia.com,"hoy comienza la mejor semana de tu vida, ¡feliz semana!",1971-12-17
MAYARA,mayara@emailbrokenia.com,"hoy comienza la mejor semana de tu vida, ¡feliz semana!",1956-05-14
DIANA,diana@emailbrokenia.com,"hoy comienza la mejor semana de tu vida, ¡feliz semana!",1992-02-03
SOFIA,sofia@emailbrokenia.com,"hoy comienza la mejor semana de tu vida, ¡feliz semana!",1983-02-13
ARIANE,ariane@emailbrokenia.com,"hoy comienza la mejor semana de tu vida, ¡feliz semana!",1987-07-29
SUZANA,suzana@emailbrokenia.com,"hoy comienza la mejor semana de tu vida, ¡feliz semana!",2001-06-09
MARIANE,mariane@emailbrokenia.com,"hoy comienza la mejor semana de tu vida, ¡feliz semana!",1984-10-17
CLARICE,clarice@emailbrokenia.com,"hoy comienza la mejor semana de tu vida, ¡feliz semana!",2003-01-20
DAIANA,daiana@emailbrokenia.com,"hoy comienza la mejor semana de tu vida, ¡feliz semana!",1951-11-06
EDILENE,edilene@emailbrokenia.com,"hoy comienza la mejor semana de tu vida, ¡feliz semana!",1951-03-10
MIRIAM,miriam@emailbrokenia.com,"hoy comienza la mejor semana de tu vida, ¡feliz semana!",1972-03-06
ELISABETE,elisabete@emailbrokenia.com,"hoy comienza la mejor semana de tu vida, ¡feliz semana!",1999-09-10
ELIETE,eliete@emailbrokenia.com,"hoy comienza la mejor semana de tu vida, ¡feliz semana!",1992-04-13
KARINE,karine@emailbrokenia.com,"hoy comienza la mejor semana de tu vida, ¡feliz semana!",2000-10-03
JUSSARA,jussara@emailbrokenia.com,"hoy comienza la mejor semana de tu vida, ¡feliz semana!",2005-04-25
IZABEL,izabel@emailbrokenia.com,"hoy comienza la mejor semana de tu vida, ¡feliz semana!",1966-12-17
ODETE,odete@emailbrokenia.com,"hoy comienza la mejor semana de tu vida, ¡feliz semana!",1979-06-15
KAREN,karen@emailbrokenia.com,"hoy comienza la mejor semana de tu vida, ¡feliz semana!",1962-03-05
LUISA,luisa@emailbrokenia.com,"hoy comienza la mejor semana de tu vida, ¡feliz semana!",1959-07-10
CASSIA,cassia@emailbrokenia.com,"hoy comienza la mejor semana de tu vida, ¡feliz semana!",1990-08-27
ALANA,alana@emailbrokenia.com,"hoy comienza la mejor semana de tu vida, ¡feliz semana!",1956-12-28
MONIQUE,monique@emailbrokenia.com,"hoy comienza la mejor semana de tu vida, ¡feliz semana!",1995-08-21
CATIA,catia@emailbrokenia.com,"hoy comienza la mejor semana de tu vida, ¡feliz semana!",1977-11-17
LUCIMAR,lucimar@emailbrokenia.com,"hoy comienza la mejor semana de tu vida, ¡feliz semana!",1972-07-25
DEISE,deise@emailbrokenia.com,"hoy comienza la mejor semana de tu vida, ¡feliz semana!",1980-09-28
ISABELE,isabele@emailbrokenia.com,"hoy comienza la mejor semana de tu vida, ¡feliz semana!",1973-04-12
KEILA,keila@emailbrokenia.com,"hoy comienza la mejor semana de tu vida, ¡feliz semana!",1988-03-08
EVELIN,evelin@emailbrokenia.com,"hoy comienza la mejor semana de tu vida, ¡feliz semana!",2003-05-08
ANDREZA,andreza@emailbrokenia.com,"hoy comienza la mejor semana de tu vida, ¡feliz semana!",1958-07-20
ADRIELE,adriele@emailbrokenia.com,"hoy comienza la mejor semana de tu vida, ¡feliz semana!",1985-01-03
JOSEANE,joseane@emailbrokenia.com,"hoy comienza la mejor semana de tu vida, ¡feliz semana!",1955-04-01
LOURDES,lourdes@emailbrokenia.com,"hoy comienza la mejor semana de tu vida, ¡feliz semana!",1958-03-27
YASMIM,yasmim@emailbrokenia.com,"hoy comienza la mejor semana de tu vida, ¡feliz semana!",2002-10-20
ALZIRA,alzira@emailbrokenia.com,"hoy comienza la mejor semana de tu vida, ¡feliz semana!",1972-04-30
CARINA,carina@emailbrokenia.com,"hoy comienza la mejor semana de tu vida, ¡feliz semana!",1985-07-13
ERIKA,erika@emailbrokenia.com,"hoy comienza la mejor semana de tu vida, ¡feliz semana!",1982-04-05
GISLAINE,gislaine@emailbrokenia.com,"hoy comienza la mejor semana de tu vida, ¡feliz semana!",2004-02-15
EMILY,emily@emailbrokenia.com,"hoy comienza la mejor semana de tu vida, ¡feliz semana!",1953-11-21
JAMILE,jamile@emailbrokenia.com,"hoy comienza la mejor semana de tu vida, ¡feliz semana!",1953-03-19
CLAUDETE,claudete@emailbrokenia.com,"hoy comienza la mejor semana de tu vida, ¡feliz semana!",1969-05-08
CATARINA,catarina@emailbrokenia.com,"hoy comienza la mejor semana de tu vida, ¡feliz semana!",1959-01-12
GESSICA,gessica@emailbrokenia.com,"hoy comienza la mejor semana de tu vida, ¡feliz semana!",1972-07-06
